"","recA","lexA","ssb","recF","dinI","umuDC","rpoD","rpoH","rpoS"
"V1",0.906,0.212,0.018,0.104,0.119,0.076,-0.122,0.178,0.072
"V2",-0.132,0.383,-0.107,-0.05,-0.097,-0.189,-0.047,-0.183,-0.128
"V3",-0.139,-0.117,10.524,-0.273,0.056,-0.124,-0.102,0.036,0.073
"V4",0.187,0.064,0.061,0.139,0.315,0.25,-0.107,-0.07,0.081
"V5",0.291,0.169,0.08,0.18,2.147,0.347,-0.011,-0.034,0.305
"V6",-0.061,-0.087,0.013,0.146,0.142,2.017,0.104,-0.155,0.051
"V7",-0.077,0.039,0.064,0.069,-0.068,-0.067,3.068,0.008,-0.061
"V8",-0.017,0.125,0.089,-0.004,0.135,-0.172,0.365,26.633,0.274
"V9",-0.025,0.084,-0.07,0.275,0.113,-0.022,0.217,0.087,0.672
