CLN3,SWD1,RFA1,PHO11,HTB2,HTA2,MCM2,PET9,POL12,SAS3,SKT5,PRX1,BNA4,YBL111C,YBL112C,YBL113C,FLR1,HHF1,HHT1,CHS2,YBR053C,YRO2,TAT1,ALG14,TEC1,IST2,RFC5,POL30,PHO3,PHO5,PBY1,AIM3,HSL7,CSH1,BEM1,MCM7,ALG7,RIB5,UBX7,YBR287W,PHO89,BUD3,BUD3,KCC4,AGP1,FUS1,ATG22,GLK1,YCL042W,PDI1,KAR4,MRC1,VAC17,VAC17,CDC10,MATALPHA1,TAF2,HCM1,MCD1,YDL011C,ERP3,BSC1,PRM7,PSA1,NUR1,PMT5,PMT1,DUN1,POL3,QRI1,CYK3,PCL2,VCX1,RGT2,CDC9,PCL9,NTH1,SNQ2,SED1,AFR1,MSH6,PDS1,MKC7,NUM1,RVB1,HTB1,HTA1,RNH202,SUR2,GIC2,MRPS28,HXT7,SPC110,ARO10,URH1,NPL3,DOT1,MFA1,LPP1,GIN4,YRF1-1,FRD1,PRB1,SIT1,YEL068C,YEL075C,YEL076C,YEL077C,PMI40,BIM1,SPC25,ISC1,MXR1,RNR1,MET6,RAD51,SWI4,SHO1,DSE1,FTR1,PEA2,SPI1,ADK2,YER189W,BLM10,SMC1,TUB2,OTU1,SNO3,YFL064C,YFL066C,YFL067W,NIC96,ECO1,MET10,OSW7,PMA1,SCW11,AGA2,PNC1,OCH1,OLE1,MF(ALPHA)2,LIF1,SPC105,CDC20,MET13,RAD54,STR3,GCN1,EMP24,MCM6,SPT16,MIG2,VAM7,KIP3,ZRT1,MSB2,VHT1,PIL1,CLB1,DAM1,ASN2,TPO2,RSR1,YGR176W,KEL2,PFK1,YGR259C,TNA1,RNH70,ERV29,YRF1-3,ARN1,YHL049C,YHL050C,GPA1,STP2,MYO1,SLT2,GIC1,HTD2,HXT4,HXT1,SFB3,GGA2,ERP5,EPT1,YCK1,ARO9,DSE2,SCH9,PHO12,YHR218W,FAA3,IRR1,PCL7,SEC28,LYS12,SHQ1,QDR2,TAO3,FKH1,CSM2,NDC80,SUC2,YJL015C,MPS3,MPS3,GYP6,JEM1,SMC3,GWT1,SRS2,CHS6,ASF1,YJL119C,FAR1,HSP150,RFA3,ELO1,ECM25,REE1,AVT1,SAG1,POL31,MET3,POL32,CYC1,BUD4,YMR1,MET5,BAT2,MET14,AUR1,UGP1,PHD1,PRI2,ELM1,ASK1,YNK1,YKL069W,MIF2,HSL1,APE1,GFA1,SLD2,RAD27,PGM1,SHE2,NNR2,PIR1,MCD4,EBP2,FAS1,LOT5,ASH1,STE6,TOF2,ALY1,YKR041W,PET10,MET1,TRZ1,PXL1,TPO1,YLL032C,MHT1,YLL066C,SMF3,ERG3,SHM2,SIC1,RAX2,ERG27,CDC45,ACE2,SLX4,PUT1,RNH203,SAM1,MMR1,PNP1,CLB4,TUB4,FRE1,BNA5,EST1,TOP3,NDL1,PIG1,CTS1,EXG1,MET17,FKS1,GAS2,KAP95,ELO3,VID22,DIF1,CAR2,SST2,PDP3,NBP1,YLR462W,YLR463C,YLR464W,BSC3,YRF1-4,ERV25,YOX1,SRC1,SRC1,SML1,OGG1,PIF1,TEM1,ORC1,TCB3,CAC2,COQ5,YML119W,NDI1,PHO84,PGA3,CDC5,MIX17,AIM34,HXT2,ERG5,EIS1,HOF1,BUB2,FET3,CTF18,NDE1,SPT21,SSO2,GCV2,CIK1,ERG2,GAS3,DFG5,FAA4,PRM15,SCW10,GAS1,HHF1,HHT1,IDH1,OCA2,RNH201,NIS1,PMS1,POL1,CYB5,SPC98,MFA2,YGP1,BNI5,PSD1,APC1,CHS1,WHI3,RAP1,PDR16,BNI4,POL2,YIF1,WSC2,PCL1,RFA2,PFA3,MDJ2,YRF1-6,LYS9,DSE4,PLB3,CMK2,ESC8,GAS5,SMC5,ARG1,NUF2,NBA1,MPD2,MSH2,IZH4,PTH4,ROD1,AHC1,HST3,EXO1,ASE1,MSA1,CDC21,UFE1,WHI5,LPX1,TRS33,IAH1,RGA1,ATG40,PDR5,HEM15,SLK19,WTM2,WTM1,DSE3,VPH1,YOR283W,YOR314W,FAA1,PMT3,PRO2,VMA4,FIT3,PMA2,SUR1,ALD6,GCR1,CAR1,HOS3,SPC29,HHO1,TBF1,RAD53,KIP2,MF(ALPHA)1,RKM1,CIN2,IQG1,VIK1,BBP1,CLN2,ACM1,YRF1-7,YPR014C,MCM4,THP3,OPY2,YTH1,DBF20,CLB5,CTF4,MEP3,NCE102,TPO3,DPB2,YPR202W,YPR203W
1.04,-0.3,-0.48,-1.35,-2.06,-1.61,-0.32,-0.07,-0.39,0.11,0.15,-0.23,-0.56,-0.66,-0.87,-0.61,-0.03,-2.36,-1.81,-1.2,0.41,-1.35,-0.06,-0.91,0.75,-0.2,-0.21,-1.15,-0.11,-0.76,-0.14,-0.25,-0.08,-0.46,0.13,-0.59,-0.92,0.01,0.19,0.56,0.13,-0.92,-0.69,-0.41,-0.29,2.47,0.13,-0.14,-0.02,0.11,2.95,-0.69,-0.94,-0.75,0.01,-0.2,-0.12,-1.18,-1.22,-0.47,-0.24,2.38,1.81,-0.73,0.17,-0.33,-0.29,-0.89,-0.58,-0.54,-0.35,1.83,-0.7,-0.17,-0.5,-0.99,-0.11,-0.48,-0.02,2.17,-0.72,-0.78,0.03,-0.44,-0.07,-1.51,-1.46,-0.22,-0.45,0.6,-0.05,0.11,-0.2,-0.67,-0.33,-0.27,-0.27,2.36,-0.21,-1.76,-0.59,0.43,0.6,-1.1,0.4,-0.88,-1.0,-0.39,-1.33,0.04,0.52,0.96,-0.38,-1.46,-0.36,-0.57,-1.21,-0.42,0.92,-1.12,0.02,0.41,-0.64,-0.93,0.35,-0.21,-0.46,-0.16,-0.28,-1.05,-0.59,-0.41,-0.34,-0.5,-0.13,-0.44,-0.63,2.45,3.49,0.2,-0.79,1.03,0.04,-0.2,-0.74,-0.19,-0.14,-0.11,-0.27,0.3,-0.74,-0.23,-0.44,0.11,-0.02,-0.23,-0.21,-0.65,-0.32,-0.95,-1.88,-0.58,0.23,0.1,-0.53,-0.58,-0.38,0.21,-0.16,0.06,0.1,0.08,-0.53,-0.67,-1.16,-0.46,0.99,0.34,-0.93,1.46,-0.29,0.14,0.15,0.18,0.18,-0.07,-0.45,-0.21,-0.12,-0.84,1.09,0.18,-1.59,-0.81,-0.08,-0.29,-0.23,0.13,-0.49,0.43,0.52,-1.1,-0.51,-0.28,-0.59,-0.1,-0.1,-0.76,-1.25,0.36,0.04,-0.66,-0.61,-1.17,0.02,-0.44,-0.23,2.12,0.69,-0.56,-1.42,-0.6,-0.5,-0.17,0.5,-0.48,0.05,-0.19,-0.44,-0.74,-0.23,-0.18,-0.41,0.01,-0.1,-0.65,0.05,-0.8,-0.02,0.01,-0.58,-0.29,-0.35,-0.28,0.39,1.22,-0.32,-0.9,0.74,-0.16,0.11,-0.46,-0.4,0.13,0.68,-0.38,0.2,0.64,-0.49,-0.2,-0.4,0.17,-0.02,-0.1,-0.49,1.0,0.15,-0.12,-0.42,-0.1,-0.96,-0.59,-0.66,-0.11,-0.24,-0.63,-1.54,0.11,-0.29,0.12,0.34,-1.26,0.24,0.05,-0.91,-0.93,-0.08,-0.12,-0.35,0.19,0.04,1.18,-0.05,0.16,-0.24,-0.08,0.05,-0.3,-0.6,-0.4,-1.58,2.41,-0.06,0.1,-0.85,-0.74,-0.71,-0.67,-0.42,-0.39,-1.72,-0.46,-0.45,-0.43,-0.1,0.02,-0.09,-0.41,-0.32,-0.61,0.3,-0.6,-0.07,-0.56,0.16,-0.99,-0.41,-0.28,0.16,0.26,-0.54,-0.2,-0.12,-0.42,-0.96,0.27,-1.3,-0.45,-0.21,2.17,-0.16,-1.44,0.38,0.53,0.08,1.9,-1.12,-2.25,-1.71,-0.21,0.23,-1.0,0.12,-0.61,-0.75,-0.03,-0.93,2.06,-1.3,-0.35,-0.27,-0.61,2.04,-0.78,-0.63,-0.76,-0.37,0.84,-0.38,0.33,0.04,-0.64,0.09,-0.58,-0.74,-0.5,-0.94,-0.16,1.65,-0.7,-0.19,-0.27,-0.48,-0.27,-0.53,-0.33,-0.61,0.43,-0.21,0.44,0.01,-1.42,-0.3,-0.72,-0.01,-1.14,0.16,-0.46,-0.34,0.02,0.4,0.19,-0.04,-0.15,-0.18,-0.29,0.49,0.22,-0.66,0.24,0.25,0.09,0.01,-0.43,0.1,0.11,-0.92,-0.28,0.06,-0.06,-0.25,-0.77,-0.47,-0.46,-1.99,-0.48,-0.59,-0.74,-0.09,-0.25,-0.37,-0.94,-0.69,-0.87,-1.41,-1.12,-0.35,0.3,-0.31,-0.08,-0.01,-0.02,-0.03,-0.98,-0.39,-0.26,-1.98,0.09,-0.41,-0.79,-0.68
0.19,-0.45,-0.42,-0.86,-1.98,-2.55,-0.24,-0.46,-0.58,-0.54,-0.07,0.09,-0.54,-0.47,-0.36,-0.35,-0.25,-2.71,-1.94,0.56,0.4,-1.1,-0.63,-0.33,0.29,-0.66,-0.35,-0.86,-0.33,-1.0,-0.28,0.07,-0.73,0.0,-0.26,-0.65,-1.32,-0.01,0.21,0.8,0.75,-0.58,-1.11,0.2,0.12,0.3,0.24,1.34,1.07,-0.32,0.45,-0.29,-0.94,-0.84,-0.25,0.39,0.09,-0.2,-0.74,0.21,0.1,1.45,1.03,-1.06,0.17,-0.37,-0.66,-0.18,-0.4,-0.15,1.09,-0.5,-0.13,0.42,-0.42,-0.24,0.27,-0.22,0.06,0.13,-0.85,-0.52,-0.31,-0.76,-0.28,-1.57,-2.3,-0.17,-0.87,-0.55,0.02,0.59,-0.67,-0.15,-0.12,-0.39,-0.08,2.35,0.46,-0.34,-0.12,0.06,1.03,-1.3,0.32,-0.12,-0.21,-0.41,-0.69,-0.38,-0.02,0.07,1.0,-0.76,0.69,0.42,-0.26,-0.3,0.19,-0.85,-0.44,1.47,0.0,-0.18,-0.27,-0.27,-0.92,0.28,0.19,0.0,-0.11,-0.26,-0.42,0.22,-0.03,-0.31,-0.63,-0.5,2.57,1.33,-0.15,0.85,0.0,-0.18,-0.13,-0.19,0.47,0.13,0.29,-0.32,-0.26,-0.18,-0.44,-0.27,-0.38,-0.48,0.36,-0.81,1.04,-0.31,-0.95,-0.1,-0.4,-0.3,-0.61,-0.74,0.16,-0.4,0.0,-0.23,0.06,-0.07,-0.23,-1.16,-0.15,-0.17,0.75,-0.23,-0.86,0.17,-0.27,0.05,0.58,0.22,-0.15,-0.38,-0.15,0.24,-0.65,-0.78,0.16,-0.36,-0.73,-0.08,-0.65,0.84,-0.23,-0.09,-0.1,-0.48,0.19,-1.37,-0.73,-0.28,-0.22,0.01,0.61,-0.31,-0.33,0.26,-0.13,-0.98,-0.1,-0.68,0.1,0.37,-0.2,0.13,0.72,-0.56,-1.01,-0.53,-0.28,-0.38,-0.23,-0.2,-0.3,-0.34,-0.22,-0.48,-0.13,-0.36,-0.23,0.01,-1.06,0.67,2.27,0.01,-0.68,-0.49,0.15,-0.07,-0.12,-0.43,-0.14,0.84,-0.11,-0.23,0.23,-0.33,0.27,0.85,-0.57,-1.04,-0.02,-0.15,-0.61,0.07,-0.47,-0.08,-0.04,-0.09,0.24,0.07,-0.54,1.06,-0.98,-0.16,-0.32,-0.2,-1.35,0.5,0.1,-0.21,-0.05,-0.19,-0.14,-0.17,0.02,-0.28,0.03,-0.36,-0.21,0.01,-0.14,-1.34,-0.14,-0.28,-0.25,0.08,0.45,0.92,-1.09,-0.2,-0.43,-0.5,-0.54,-0.63,-0.31,-0.36,-0.82,1.46,-0.23,0.05,0.03,-0.3,-0.29,-0.46,-0.09,-0.27,-0.66,-0.61,-0.47,-0.82,-0.66,-0.48,-0.76,-0.61,-0.32,-0.1,0.33,-0.9,0.65,-0.61,0.03,-1.19,-0.63,-0.01,0.89,-0.48,0.51,-0.94,1.1,-1.39,-0.52,-0.31,0.07,-0.18,0.38,-0.1,-0.36,-1.64,0.05,-0.33,0.37,0.82,-1.64,-1.97,-1.35,-0.22,0.16,-0.87,0.21,-0.1,2.01,-0.39,-0.81,1.36,-0.06,-0.72,-0.1,-0.28,0.88,-0.49,-0.37,-0.05,-0.41,-0.52,-0.42,-0.41,0.62,-0.73,-0.35,-0.42,-0.28,-0.2,-1.06,-0.37,0.64,-0.12,-0.32,-0.5,0.63,-0.25,0.27,-0.11,-0.66,-0.15,-0.34,0.2,-0.28,1.46,-0.34,0.43,0.18,-0.31,-0.1,-0.79,-0.73,-0.15,0.33,0.29,0.19,-0.51,0.36,-0.34,0.05,0.43,0.03,-0.19,-0.43,-0.21,0.2,-0.35,-0.4,-0.21,-1.39,-0.52,-0.54,0.92,-0.31,-0.84,-0.18,-0.21,-1.87,-0.57,0.14,-0.84,-0.02,-0.18,-0.79,-0.54,-0.38,-0.81,-0.69,-0.36,-0.45,-0.18,1.32,0.43,0.13,0.12,-0.26,-0.38,-0.6,-0.69,-0.61,-0.68,-0.57,-0.25,-0.19
0.47,0.75,0.87,-0.22,-1.64,-1.09,0.31,0.41,1.08,-0.45,-0.09,0.41,0.15,0.68,0.51,0.25,-0.15,-1.46,-1.33,-0.71,0.47,-0.39,-0.63,0.41,-0.57,-0.24,0.26,1.21,-0.43,-0.4,0.25,0.44,-0.32,0.42,0.23,0.66,-0.49,0.57,0.1,0.44,0.86,-0.79,-0.67,1.31,0.12,-0.43,0.32,1.69,1.3,0.21,-0.4,0.57,-0.32,-0.15,0.12,-0.12,0.09,0.57,1.34,0.37,0.72,0.69,0.48,-0.79,0.45,-0.03,-0.09,0.68,0.13,0.26,-0.31,-0.24,0.19,0.37,0.66,-0.74,0.38,-0.07,0.38,0.5,0.54,0.26,-0.14,-0.7,-0.22,-1.35,-1.41,0.32,-0.08,0.41,-0.17,0.63,0.13,-0.08,0.23,-0.39,-0.03,2.3,0.34,0.18,0.8,0.4,0.88,-0.18,0.34,1.08,1.02,0.98,-0.48,0.11,0.14,-0.03,-0.3,1.08,0.22,1.03,1.36,-0.13,-0.12,-1.04,-0.01,1.8,0.48,0.9,0.18,0.31,-0.58,0.24,0.41,1.09,0.72,0.55,-0.22,0.48,0.34,-0.32,-0.65,-1.0,1.71,1.25,0.57,0.63,0.19,0.07,-0.05,-0.49,0.07,0.41,0.02,-0.12,-0.06,0.12,0.08,0.07,-0.17,-0.46,0.35,0.24,0.29,0.09,-1.22,-0.45,0.28,-0.55,0.76,-0.35,0.28,-0.14,-0.33,-0.28,-0.23,0.38,0.98,-0.42,1.02,0.71,0.05,-0.03,-0.46,-0.15,0.03,0.44,0.39,-0.17,-0.24,-0.12,0.53,-0.1,-0.43,1.16,0.16,-0.38,-0.23,0.91,-0.21,0.09,-0.37,0.17,-0.79,-0.17,0.64,-1.29,-0.46,0.1,-0.24,-0.13,0.67,0.2,0.11,-0.08,0.84,0.55,0.03,-0.68,-0.17,0.5,-0.4,-0.85,0.88,-0.04,0.25,0.38,-0.2,0.21,0.36,0.22,0.01,0.37,-0.18,-1.1,-0.15,-0.19,0.23,0.17,-0.67,0.37,0.31,0.86,-0.17,0.03,0.39,-0.4,0.14,-0.02,0.28,0.8,0.36,0.51,0.46,-0.38,0.55,-0.03,0.28,-0.86,0.13,-0.38,0.13,0.14,-0.16,0.02,-0.16,0.01,-0.21,-0.76,-0.07,0.97,-0.6,0.24,0.59,0.15,-0.87,0.59,-0.57,-0.07,-0.42,0.91,-1.05,0.2,0.41,0.19,-0.14,-0.78,0.0,-0.27,-0.24,-1.37,0.08,0.21,0.2,-0.05,0.91,0.5,-0.97,0.24,-0.01,0.17,-0.35,-0.17,-0.12,-0.43,-0.63,-0.46,-0.57,0.58,0.84,1.41,1.25,1.12,1.01,-0.07,1.73,-0.91,-0.82,-0.09,0.26,0.16,0.02,-0.74,-0.22,0.21,0.48,-0.57,0.03,-0.41,-0.24,-1.33,-0.19,-0.36,1.17,-0.65,0.63,-0.87,-0.19,-1.19,0.38,-0.28,0.98,-0.45,0.47,-0.84,-0.23,-1.32,0.29,-0.66,0.32,0.95,-0.41,-1.74,-1.46,-0.44,-0.01,0.4,-0.96,0.66,0.06,-0.1,-0.22,0.59,0.6,0.4,0.36,-0.18,-0.03,-0.72,-0.46,0.18,0.8,0.48,0.36,-0.27,0.44,0.53,0.23,-0.14,1.01,-0.48,-1.35,0.98,1.06,1.17,-0.37,0.09,0.91,-0.11,-0.69,0.06,0.56,-0.31,-0.15,0.26,-0.2,-0.89,0.46,0.11,0.39,0.57,0.32,-0.19,0.06,0.18,0.22,0.07,-0.03,-0.71,0.17,-0.03,-0.3,0.46,-0.89,-0.42,0.2,-0.15,0.55,0.12,0.03,0.13,-0.95,-0.64,0.71,1.63,0.0,-0.08,-0.21,0.62,-0.32,-0.51,1.13,-0.56,0.14,0.12,0.48,-0.78,-0.01,0.48,1.39,1.37,0.93,-0.02,0.18,0.0,0.09,-0.04,-0.2,0.92,0.8,0.01,-0.08,-0.71,1.15,1.18,1.23
-1.03,0.37,0.92,-0.38,-0.21,-0.55,0.11,0.16,1.21,-0.23,0.0,-0.11,-0.56,0.72,1.09,0.86,-0.02,-0.16,0.01,-2.24,0.13,-1.42,-0.77,0.67,-0.03,-0.28,0.29,1.62,-0.74,-0.62,-0.38,-1.25,-0.42,0.28,-0.65,-0.65,-0.19,0.01,0.13,0.02,-0.13,-0.5,-0.67,0.92,-0.35,-0.12,-0.36,1.07,0.83,-0.14,-0.66,1.14,-0.07,-0.1,-0.25,0.04,-0.23,0.69,1.5,0.5,0.89,-0.26,-0.4,-0.02,0.34,0.27,0.07,1.05,0.58,0.6,-0.57,-0.26,-0.13,-0.18,1.05,-0.44,0.46,-0.24,0.33,0.28,1.04,0.2,0.44,-0.65,-0.02,0.04,-0.27,0.35,0.1,0.45,0.26,0.34,0.1,0.11,0.9,-0.27,0.37,2.11,0.81,1.07,0.88,0.64,0.79,-0.25,0.23,0.76,0.86,0.9,0.15,-0.06,-0.11,-0.25,-0.16,1.5,-0.55,1.35,1.37,0.6,-1.24,-0.44,0.41,0.81,0.4,0.82,-0.24,-0.02,-0.19,0.31,0.56,0.87,0.92,0.93,-0.04,0.67,-0.09,0.18,-0.6,-1.28,0.46,1.02,0.64,-0.45,0.12,0.06,0.28,-0.77,-0.12,0.6,-0.53,-0.18,0.34,0.02,0.35,0.02,0.03,-0.14,-0.03,0.26,-0.47,0.12,-1.1,-0.05,-0.23,-0.53,0.8,-0.64,0.19,-0.2,-0.54,-0.38,0.12,0.07,1.06,-0.52,0.77,0.73,-0.42,-0.48,-1.19,-0.18,0.13,0.3,-0.13,-0.17,-0.07,-0.02,0.81,0.31,-0.43,-0.05,-0.73,-0.12,-0.1,0.79,-0.59,0.32,0.0,0.1,-0.12,-0.32,-0.13,0.37,-0.67,0.34,0.07,-0.14,1.02,0.77,0.71,-0.12,1.03,1.15,0.6,0.03,-0.15,1.32,0.2,-1.41,0.32,0.34,-0.3,0.37,-0.01,0.17,-0.19,0.54,-0.34,0.37,0.2,-0.83,-0.51,-0.18,0.08,-0.14,-0.82,0.45,-0.04,0.84,-0.21,-0.31,0.96,-0.15,0.47,0.38,0.13,0.15,0.55,1.01,0.36,-0.36,0.48,-0.46,0.44,-0.24,-0.29,-0.08,-0.85,-0.46,0.16,-0.26,-0.28,-0.19,-0.64,-0.15,0.48,-0.19,-0.8,-0.18,0.54,-0.43,-0.56,0.02,-0.21,-0.23,-0.17,0.75,-1.16,0.23,0.07,0.27,-0.58,-0.47,-0.11,0.23,0.59,-0.77,-0.32,0.29,0.13,-0.73,0.46,-0.17,-0.62,-0.08,0.35,0.43,0.2,0.02,-0.1,0.06,-0.44,-0.65,0.05,0.51,0.94,0.89,0.85,1.1,0.26,0.45,1.29,-0.83,-0.97,-0.45,0.5,0.54,-0.25,-0.5,-0.12,0.38,0.15,-1.28,-0.36,-0.46,-0.24,-1.59,-0.17,-0.16,0.7,-0.3,-0.05,-0.87,-0.75,-1.07,0.65,-0.5,1.12,-0.29,0.15,-0.7,-0.15,-0.84,0.3,-1.04,0.04,0.66,-0.1,0.26,0.11,0.22,-0.02,0.71,-1.11,0.97,0.86,-0.18,0.23,-0.8,0.5,0.34,0.12,-0.07,-0.6,0.15,-0.35,0.57,0.91,0.58,0.04,0.0,0.13,1.01,-0.06,1.2,0.87,-0.29,-1.71,0.32,0.07,0.93,-0.31,0.33,0.56,-0.21,-0.77,0.12,0.92,-0.49,-0.25,-0.15,-0.13,-0.92,0.59,0.48,-0.35,1.08,0.43,0.15,0.24,0.31,0.11,0.48,-0.21,-0.74,0.64,0.56,-0.73,0.27,-0.49,-0.28,0.02,0.11,0.76,0.8,-0.2,-0.08,-1.67,-0.67,0.58,1.01,-0.29,0.08,-0.1,0.34,0.57,-0.24,1.2,-0.69,-0.32,0.73,0.44,-0.74,-0.04,0.45,1.98,1.17,0.61,-0.2,0.01,0.0,0.64,-0.26,-0.44,0.97,1.28,0.01,-0.93,-1.86,0.69,0.84,0.84
-0.63,0.27,0.67,-0.65,1.21,0.98,-0.67,0.58,0.52,-0.14,0.02,-0.03,0.05,-0.12,-0.21,-0.21,0.35,1.51,1.51,-1.68,-0.03,-1.22,-0.49,0.42,-0.57,0.13,0.24,1.12,-0.88,-0.51,-0.4,0.07,0.08,0.51,-0.36,-1.12,0.48,0.04,-0.01,-0.37,-0.45,-0.26,-0.12,0.26,0.3,-0.55,-0.12,0.47,0.35,0.22,-0.59,0.13,0.18,0.13,0.03,-0.29,-0.97,0.21,0.63,0.33,0.45,-0.37,-0.04,0.16,0.09,0.65,0.57,0.18,-0.09,0.23,-0.33,-0.26,-0.1,-0.09,0.68,-0.67,-0.06,-0.13,0.01,0.11,0.84,0.48,0.47,-0.14,-0.34,1.3,1.4,0.01,0.46,0.18,-0.35,0.28,0.38,-0.12,0.75,-0.44,0.26,1.75,0.0,0.37,0.22,0.69,0.31,-0.16,0.18,-0.12,-0.47,-0.13,0.2,0.29,0.07,0.11,-0.51,0.74,-1.01,0.64,0.54,0.27,-0.29,-0.48,0.25,0.03,0.21,-0.21,-0.11,0.23,0.22,-0.13,0.24,-0.27,-0.21,0.03,-0.49,-0.04,0.13,0.03,-0.63,-0.63,-1.22,0.16,-0.29,-0.86,-0.08,-0.09,-0.03,-0.31,0.05,0.23,-0.48,-0.03,0.26,-0.31,0.26,0.11,0.06,0.34,0.02,0.11,-0.34,-0.2,-0.91,0.04,0.16,-0.7,0.53,-0.38,0.16,0.02,-0.2,0.08,0.12,0.28,0.14,-0.47,-0.15,0.1,-1.01,0.17,-0.8,-0.09,0.34,0.05,-0.05,0.05,0.21,0.15,0.48,0.11,0.24,0.1,-0.26,0.03,-0.49,-0.1,-0.38,0.05,-0.02,0.1,-0.67,0.09,0.19,0.37,0.57,0.42,-0.08,-0.24,-0.01,0.21,0.18,-0.51,0.32,0.97,0.43,0.33,0.06,0.46,0.12,-0.66,-0.73,0.58,0.2,0.34,-0.08,0.39,0.28,0.13,-0.19,0.41,0.42,-0.51,-0.19,-0.07,0.39,-0.04,0.03,0.24,-0.27,0.51,0.38,0.77,0.7,-0.02,-0.02,0.8,0.19,-0.16,0.15,0.52,0.52,-0.98,0.24,-1.7,0.71,-0.06,-0.29,0.11,-0.99,0.2,0.32,-0.14,0.25,0.1,0.12,-0.21,0.31,0.01,-0.12,0.05,0.38,-0.29,0.39,-0.15,-0.45,-0.17,-0.4,0.49,-0.69,0.41,0.45,0.46,-0.29,-1.04,0.33,0.36,0.0,-0.29,0.14,0.31,0.29,-0.11,0.2,-1.17,0.35,0.12,0.62,0.92,-0.04,0.72,0.48,0.07,-0.09,-0.91,0.0,0.22,-0.25,-0.06,-0.02,0.16,0.27,0.25,0.51,-0.05,-0.28,-0.19,0.54,0.54,0.21,0.24,-0.03,0.07,0.22,-0.1,-0.14,0.12,0.14,-0.74,0.03,-0.07,0.16,-0.11,-0.65,-0.6,0.07,-0.5,0.32,0.2,0.13,-0.31,-0.25,-0.04,-0.25,0.62,0.2,-0.8,0.11,0.86,0.44,1.26,0.94,0.74,-0.09,0.54,-0.6,0.21,0.5,0.03,0.61,-0.76,0.21,0.67,0.31,-0.21,-0.36,0.13,0.32,0.29,0.25,0.87,0.53,0.6,0.18,0.83,0.46,0.25,0.38,-0.39,-1.35,0.01,0.29,0.39,-0.25,0.26,0.27,0.07,-0.72,0.37,1.06,0.3,-0.08,-0.14,-0.01,-0.53,0.13,-0.13,-0.61,1.17,0.35,0.48,0.57,0.48,-0.04,-0.28,0.17,-0.36,0.36,0.36,-0.25,-0.04,-0.53,-0.11,0.36,-0.02,0.1,0.52,0.29,0.11,-0.23,-0.33,0.54,0.32,0.06,0.05,-0.14,0.28,0.92,0.14,0.63,-0.22,0.05,0.23,0.34,-1.13,0.46,0.63,0.74,0.17,0.06,0.14,-0.82,-0.32,0.06,0.04,-0.18,0.26,0.67,0.1,-0.61,-1.07,0.61,0.19,0.14
-0.68,-0.28,-0.18,-0.79,0.69,1.14,-1.01,-0.07,-0.33,0.39,-0.46,-0.48,-0.07,-0.64,0.33,-0.47,0.02,1.65,0.91,-0.57,-0.16,-1.84,-0.11,0.13,-0.97,-0.13,0.0,0.16,-1.2,-1.0,-0.67,-0.21,0.08,0.03,-0.46,-1.21,0.13,-0.34,-0.35,-0.05,-0.34,0.36,0.17,-0.36,-0.21,-0.19,-0.51,-0.35,-0.46,0.03,-0.38,0.07,0.29,0.15,-0.44,0.2,-0.35,0.1,0.29,0.26,0.22,-0.29,-0.3,0.44,-0.34,0.23,0.3,0.13,0.02,0.23,-0.54,0.1,-0.34,-0.43,0.06,-0.01,-0.29,0.17,-0.4,-0.32,0.24,0.48,-0.07,-0.1,-0.13,1.15,1.18,0.14,0.61,-0.66,0.23,-0.44,0.44,0.27,0.49,-0.35,0.14,0.76,0.18,0.32,-0.56,0.47,-0.1,-0.31,0.19,0.02,0.1,-0.3,0.63,0.31,-0.5,0.23,0.35,0.47,0.58,0.42,0.18,0.41,-0.74,-0.11,0.05,-0.31,0.3,0.02,0.08,0.21,0.1,0.24,0.14,0.02,-0.01,-0.37,0.06,-0.14,0.28,-0.12,0.0,-1.39,-0.9,-0.07,0.13,-2.06,0.09,0.12,0.02,-0.61,0.05,0.31,0.65,0.12,0.52,-0.09,0.17,0.11,0.08,0.13,0.09,-0.04,-0.12,-0.4,-0.06,0.41,-0.25,-0.68,0.31,-0.11,-0.09,-0.17,0.08,-0.03,-0.01,0.05,-0.44,-0.66,-0.07,-0.22,-0.4,0.09,-0.26,0.1,0.27,-0.09,-0.42,-0.07,0.33,0.03,0.3,0.16,0.09,0.22,-0.95,-0.07,-0.49,-0.05,-0.74,-0.08,0.31,0.22,0.14,-0.84,-0.18,0.62,0.76,0.34,0.67,0.17,0.21,0.3,0.42,-0.43,0.07,0.12,0.22,0.5,0.22,0.18,0.27,-0.97,-1.55,0.31,-0.48,0.2,-0.02,0.23,-0.06,0.38,0.23,-0.12,0.39,0.09,0.34,0.13,0.3,0.3,-0.08,0.06,-0.19,0.14,0.38,0.54,0.87,0.44,0.32,-0.02,-0.03,-0.58,0.12,0.18,0.05,0.18,-0.22,-1.18,0.23,0.1,-0.54,0.45,-1.14,-0.84,0.32,-0.22,-0.1,-0.19,0.14,-0.19,0.06,0.01,0.27,0.34,-0.06,-0.1,0.29,-0.7,-0.42,-0.19,0.02,0.08,0.08,0.28,0.15,0.09,-0.2,0.03,-0.04,0.38,0.2,0.15,-0.12,-0.07,-0.19,-0.21,-0.29,-1.43,0.42,0.78,0.15,0.17,-0.32,0.19,0.0,0.07,0.48,-0.24,0.58,0.14,-0.15,-0.24,-0.2,-0.22,-0.42,0.29,0.28,-0.09,-0.15,0.03,-0.01,-0.03,-0.25,0.05,0.17,0.05,-0.2,-0.22,0.01,-0.04,0.31,0.05,0.19,0.53,0.05,0.14,-0.94,-0.5,-0.06,-0.41,0.19,-0.07,0.19,0.34,-0.2,0.29,0.11,0.69,0.06,-0.56,0.17,-0.01,0.36,1.4,1.36,1.19,-0.02,0.38,-0.73,-0.17,-0.3,0.29,0.41,-1.8,-0.23,0.23,-0.19,0.46,-0.68,0.63,0.04,0.26,-0.03,0.23,-0.14,0.41,-0.07,0.82,-0.14,0.04,0.06,-0.2,-1.35,-0.35,0.0,-0.35,0.28,0.48,-0.13,0.32,0.03,0.15,0.09,-0.34,0.2,-0.26,-0.11,-0.2,-0.1,-0.32,-0.4,0.57,0.32,0.53,0.15,-0.3,0.02,-0.4,0.56,0.1,0.45,0.42,-0.04,-0.46,-0.31,-0.17,-0.19,-0.31,-0.15,0.35,-0.24,-0.23,-1.56,-0.31,0.82,-0.15,0.02,0.29,0.24,0.07,0.99,-0.1,-0.04,0.41,-0.05,0.07,0.39,-0.68,0.37,0.39,0.21,-0.51,-0.24,0.23,-1.01,0.07,0.34,0.22,-0.07,-0.09,0.04,0.48,-0.88,-0.71,0.0,-0.11,-0.44
0.1,-0.16,-0.35,0.02,0.85,0.9,-0.56,0.45,-0.58,0.15,-0.11,-0.3,0.31,-0.51,-0.97,-0.49,0.23,0.68,0.69,0.72,-0.21,-0.49,0.11,-0.06,-0.49,0.23,0.07,-0.44,-0.18,-0.12,0.09,0.01,-0.05,0.17,0.06,-0.85,0.79,0.26,0.02,-0.36,0.46,0.17,0.66,-0.26,0.08,-0.51,0.49,-0.38,-0.13,0.37,-0.76,-0.31,0.52,0.37,0.29,-0.12,-0.7,-0.66,-0.55,-0.62,0.07,0.09,0.05,0.03,0.0,0.36,0.53,-0.4,-0.45,-0.39,-0.29,-0.32,0.3,0.07,0.01,-0.95,-0.49,0.63,-0.64,-0.18,-0.64,0.27,0.05,0.44,-0.41,0.94,1.11,0.13,0.33,-1.02,-0.37,-0.08,0.05,-0.43,0.27,-0.17,-0.03,0.16,-0.37,-0.5,-0.5,0.4,0.06,0.29,0.18,-1.03,-0.7,-0.27,0.39,0.16,0.4,-0.23,0.22,-0.7,0.66,-0.4,-0.85,-0.17,-0.69,-0.18,0.12,-0.18,-0.36,-0.71,0.02,0.18,0.69,-0.34,-0.11,-0.78,-0.64,-0.33,-0.28,-0.31,0.79,0.43,-0.02,-1.18,-1.39,-0.88,-0.62,-1.39,-0.05,-0.02,0.16,-0.03,0.51,0.19,1.16,-0.18,0.37,-0.48,-0.46,0.15,0.32,0.56,0.04,-0.01,-0.12,-0.75,0.5,0.14,0.21,0.0,-0.05,0.57,-0.05,0.36,0.16,0.05,-0.21,0.35,-0.44,-0.1,-0.8,-0.46,-1.01,0.31,0.55,0.23,0.48,0.22,0.03,-0.19,0.37,0.45,0.25,-0.04,0.54,0.41,-1.03,0.41,-0.02,-0.67,-0.23,-0.25,0.08,-0.03,-0.04,-0.01,-0.06,1.06,0.57,0.13,0.13,0.02,-0.38,-0.28,-0.27,-0.34,-0.1,-0.07,0.09,0.13,0.27,-0.57,0.23,-0.66,-1.37,0.52,0.26,0.35,-0.63,0.61,0.15,-0.2,0.78,0.08,0.44,0.63,0.1,0.47,0.52,1.17,0.92,0.09,-0.5,-0.4,0.32,0.44,0.22,0.41,-0.16,0.17,0.03,-0.28,-0.37,-0.33,0.37,0.39,0.24,-2.24,-0.03,0.32,-0.41,0.16,-1.5,-0.88,0.2,0.23,0.35,0.56,0.76,0.12,0.18,0.22,0.62,0.55,-0.73,0.49,1.1,0.22,-0.77,0.22,0.16,-0.29,0.61,0.15,0.44,0.22,0.94,0.5,0.49,0.36,-0.13,0.37,0.28,0.15,0.15,-0.09,-0.53,-1.58,0.95,1.01,0.38,-0.26,-0.11,0.64,0.32,0.52,1.19,-0.77,0.49,-0.04,-0.49,-0.61,-0.41,-0.28,-0.14,0.51,0.23,0.81,0.71,1.19,0.17,0.14,0.36,0.5,0.11,-0.1,0.3,0.52,0.03,0.65,0.66,1.01,0.81,0.49,-0.23,0.43,-0.21,0.45,0.45,0.22,0.05,0.37,-0.58,0.29,0.08,0.26,0.44,1.48,0.29,-0.2,0.17,0.11,0.44,0.95,0.73,0.95,0.13,0.31,-0.91,-0.38,-0.35,0.68,0.46,-1.03,-0.91,0.46,0.14,0.01,-0.53,0.37,0.36,0.03,-0.2,-0.19,0.32,0.67,0.09,0.09,0.19,-0.2,-0.52,-0.06,-1.71,0.15,-0.22,-0.19,0.76,0.19,0.05,0.36,0.24,0.51,0.01,-0.1,0.22,-0.04,0.3,0.59,-0.13,0.0,-0.92,0.31,0.13,0.46,0.33,0.0,0.05,-0.06,0.59,0.45,-0.02,0.34,-0.04,-0.21,-0.31,0.33,0.17,0.09,-0.11,0.34,0.33,0.35,0.51,0.45,0.03,-0.19,0.08,0.92,0.53,0.17,0.86,0.58,-0.42,0.54,0.1,0.17,0.06,0.36,0.08,-0.23,-0.36,-0.2,-0.22,0.08,-0.53,0.2,0.35,0.28,0.44,-0.18,-0.29,-0.01,0.66,0.55,-0.22,-0.42,-0.44
-0.02,-0.13,-1.06,0.6,0.43,0.43,0.13,0.04,-0.08,0.15,-0.14,-0.25,0.15,-0.44,-0.31,-0.44,0.13,0.41,0.11,0.74,-0.26,0.37,0.18,-0.1,-0.54,0.21,-0.03,-0.93,0.3,0.87,0.35,-0.02,0.59,-0.18,0.31,0.39,-0.01,0.1,-0.21,-0.18,0.38,0.77,0.48,-0.94,-0.07,-0.22,0.01,-0.96,-0.91,-0.01,-0.57,0.17,0.31,0.45,0.37,-0.31,0.18,-0.44,-0.65,-0.18,-0.53,0.03,0.29,0.11,-0.3,-0.23,-0.18,-0.02,-0.34,-0.17,-0.45,-1.03,-0.13,-0.09,-0.72,-0.39,-0.11,0.23,-0.05,-0.47,-0.83,0.01,-0.49,0.22,-0.13,-0.08,0.08,-0.08,-0.16,-0.98,0.06,-0.71,-0.28,0.16,-0.55,-0.08,0.08,0.27,-0.24,-0.25,-0.48,-0.06,-0.15,0.33,-0.02,-0.29,-0.38,-0.6,0.44,-0.14,0.26,0.11,0.6,-0.68,0.74,-0.9,-0.82,0.03,-1.08,0.06,-0.05,-0.45,-0.05,-0.33,0.12,-0.2,0.2,-0.16,-0.11,-0.39,-0.53,-0.6,0.1,-0.25,0.22,0.22,0.37,-1.39,-1.15,-0.59,-0.36,-1.29,0.16,0.21,0.14,0.48,-0.09,0.16,0.44,-0.3,0.03,0.15,-0.13,0.11,0.14,-0.01,-0.24,-0.43,-0.12,-0.37,1.2,0.14,-0.23,0.48,-0.45,0.47,-0.29,0.24,-0.16,0.0,-0.01,-0.05,-0.77,0.12,-0.62,-0.62,-0.4,0.01,0.73,-0.09,0.19,0.08,-0.73,-0.08,-0.13,0.18,-0.23,-0.43,0.23,0.3,-1.03,0.24,0.71,-0.69,-0.65,-0.29,0.33,0.14,0.24,-0.56,-0.15,0.68,0.18,-0.33,0.13,-0.05,-0.24,0.0,0.02,-0.12,-0.35,-0.7,-0.29,0.1,0.35,-0.53,0.23,-0.73,-1.25,0.14,-0.37,-0.09,-0.4,0.05,-0.23,-0.09,0.66,-0.07,-0.05,0.62,-0.02,0.24,0.1,0.66,-0.01,-0.08,-0.86,-0.64,-0.14,-0.1,-0.19,0.24,-0.09,-0.16,-0.44,-0.17,-0.46,-0.56,0.11,0.18,-0.29,-1.53,-0.42,0.34,-0.71,0.34,-1.14,-0.39,-0.12,0.24,0.34,0.14,0.09,0.12,-0.18,-0.11,0.47,0.35,-0.09,0.2,0.22,-0.01,-0.53,0.08,-0.07,-0.33,0.76,-0.12,0.45,-0.09,0.44,0.77,0.08,-0.03,-0.28,0.4,0.07,0.07,-0.15,0.05,-0.51,-2.17,-0.36,0.6,-0.59,-0.24,-0.19,-0.21,0.06,0.06,0.82,-0.65,0.23,-0.01,-0.51,-0.44,-0.49,-0.48,-0.72,-0.15,-0.55,0.83,0.62,1.1,-0.44,-0.29,0.38,0.24,0.22,-0.42,-0.49,0.77,-0.39,0.27,0.25,0.83,0.53,0.21,-0.86,0.14,0.3,0.71,-0.08,-0.07,-0.13,0.11,-0.63,0.47,0.09,-0.08,0.35,0.63,-0.01,-0.18,0.2,-0.92,0.15,0.22,-0.06,0.51,0.21,-0.29,-0.64,-0.44,-0.33,0.1,0.28,-1.3,-0.57,0.04,-0.34,0.28,-1.26,0.1,0.04,-0.13,-0.33,-0.65,-0.38,-0.14,-0.33,-0.42,-0.42,0.01,-0.55,-0.35,-1.2,-0.53,-0.24,-0.43,0.69,-0.19,-0.38,0.51,0.53,0.1,-0.73,-0.28,-0.1,-0.14,0.1,0.55,-0.28,-0.02,-0.37,-0.74,0.12,-0.28,-0.22,-0.05,-0.43,-0.15,0.49,0.36,-0.07,0.18,0.12,-0.5,-0.7,0.07,0.12,0.2,-0.31,-0.21,-0.18,-0.17,-0.1,0.33,-0.71,-0.01,0.44,0.47,0.6,-0.19,0.32,0.06,-0.61,0.6,0.1,-0.46,0.02,0.56,0.39,-0.05,-1.32,-0.59,-0.62,-0.07,-0.5,-0.08,-0.1,-0.02,0.04,-0.4,-0.62,0.11,0.52,0.57,-0.5,-0.56,-0.75
0.53,-0.56,-0.81,1.38,-0.32,-0.41,0.33,0.07,-1.02,0.02,-0.02,-0.01,0.4,-0.34,-0.47,-0.35,-0.19,-0.31,-0.4,1.63,-0.34,1.21,0.2,-0.84,-0.17,0.13,-0.19,-1.23,1.64,1.47,0.28,0.01,-0.17,-0.58,0.29,1.04,0.3,0.12,0.01,-0.08,0.81,0.56,0.47,-0.7,-0.19,-1.06,0.26,-0.68,-0.52,0.13,-0.47,-0.88,0.29,0.27,0.29,-0.04,0.49,-0.4,-0.76,-0.12,-0.61,-0.05,0.14,-0.2,0.01,-0.29,-0.07,0.17,0.1,-0.06,-0.23,-0.83,0.3,0.08,-0.72,-0.44,0.03,0.23,0.5,-0.14,-0.36,-0.29,-0.05,0.42,0.36,-0.13,-0.18,-0.02,-0.11,-0.4,0.27,-0.34,-0.26,0.2,-0.39,0.34,-0.27,0.11,-0.14,-0.48,0.32,-0.28,-0.36,0.75,0.02,-0.11,-0.35,-0.34,0.09,-0.35,-0.13,-0.09,0.32,-1.03,0.27,-0.73,-0.75,-0.05,-1.63,0.19,-0.18,-0.25,0.03,-0.34,0.17,-0.14,0.34,0.2,-0.15,-0.37,-0.22,-0.35,0.26,-0.1,0.15,0.29,0.64,-1.18,-0.92,-0.5,-0.35,-0.76,0.02,0.1,-0.27,0.93,-0.16,-0.55,-0.19,-0.12,-0.15,0.35,-0.05,0.02,-0.01,0.06,0.11,-0.4,0.38,-0.24,1.11,0.04,0.12,1.16,-0.51,0.54,-0.45,0.17,0.22,0.34,0.27,0.31,-0.18,0.6,-0.23,-0.17,0.1,0.01,0.99,0.07,-0.42,0.03,-0.13,-0.1,-0.02,0.07,-0.67,-0.17,0.27,0.16,-1.42,0.05,1.48,-0.2,-0.06,-0.11,0.31,0.14,0.23,-0.14,0.13,0.31,0.27,-0.24,-0.08,0.3,-0.42,-0.26,-0.43,0.35,-0.41,-0.68,-0.14,-0.05,0.03,-0.17,0.34,-0.25,0.03,-0.23,0.09,-0.21,-0.42,-0.12,0.06,-0.34,0.71,-0.07,-0.18,0.75,0.17,0.33,0.34,0.27,0.54,-0.01,-0.57,-0.8,-0.04,0.08,-0.48,0.34,-0.27,-0.58,-0.59,-0.1,-0.23,-0.64,-0.37,0.52,-0.02,-1.0,-0.28,0.3,-0.47,0.31,0.11,0.19,-0.01,0.27,0.07,0.16,0.12,0.29,-0.34,0.51,0.49,0.03,-0.07,0.47,0.51,0.38,-0.47,0.26,0.49,-0.46,0.75,-0.26,0.34,-0.12,0.49,1.19,0.07,-0.11,0.21,0.65,-0.01,-0.3,0.07,0.31,-0.23,-2.17,-0.8,0.56,-0.15,-0.41,0.03,-0.09,0.31,0.2,1.12,-0.68,-0.08,-0.12,-0.28,-0.24,-0.29,-0.45,-0.32,0.0,-0.97,0.79,0.76,0.98,-0.31,-0.33,0.47,0.29,0.25,-0.16,0.04,1.21,0.23,0.66,0.62,1.22,0.47,0.04,-0.59,0.23,0.53,1.28,-0.08,0.46,-0.31,0.23,-0.9,0.29,0.28,-0.04,0.43,0.48,-0.02,0.0,-0.17,-1.2,0.01,-0.15,-0.25,0.43,0.32,-0.21,-0.91,-0.59,-0.22,0.44,-0.33,0.12,0.79,-0.19,-0.14,0.22,-1.3,-0.15,-0.01,-0.11,-0.52,-0.44,-0.23,-0.55,0.1,-0.73,-0.3,-0.33,-0.34,0.05,-1.71,-0.07,-0.11,-0.72,0.53,-0.25,-0.32,0.38,0.61,0.12,-0.75,0.16,0.08,-0.1,0.27,0.82,-0.2,1.1,0.29,-0.68,-0.19,-0.32,-0.2,-0.02,-0.08,0.22,0.2,0.39,-0.47,-0.42,0.29,-0.36,-0.8,0.22,0.17,0.02,-0.31,-0.35,0.1,0.13,1.02,0.72,-1.0,0.16,-0.02,0.57,-0.09,-0.33,-0.17,0.07,-0.96,0.4,0.11,-0.25,0.01,1.16,0.06,-0.05,-1.5,-0.72,-0.2,-0.07,0.35,0.18,-0.17,-0.19,0.33,-0.35,-0.6,-0.07,1.44,1.51,-0.43,-0.36,-0.26
0.68,-0.28,-0.18,1.59,-0.77,-0.38,1.08,-0.07,0.51,0.17,0.03,-0.17,0.02,0.56,0.1,0.7,0.11,-0.33,-0.78,0.1,-0.06,1.54,0.15,0.19,0.35,0.16,0.04,-0.62,0.89,1.4,0.45,0.26,-0.2,-0.23,0.21,0.91,0.35,-0.24,0.18,0.37,0.54,-0.07,0.24,0.06,-0.02,-0.11,0.16,-0.27,-0.15,-0.28,-0.38,-0.42,-0.01,-0.03,-0.1,0.51,0.83,-0.57,-0.88,-0.38,-0.24,-0.51,-0.42,-1.26,0.06,-0.12,-0.37,-0.5,0.12,-0.23,0.95,0.64,0.34,0.14,-0.28,1.14,-0.16,0.05,0.02,-0.23,-0.7,-0.61,-0.31,0.15,0.49,-0.72,-0.82,-0.3,-0.51,-0.23,-0.18,0.25,0.1,0.33,-0.29,0.61,-0.09,-1.02,-0.34,-0.25,-0.12,-0.56,-0.27,0.44,-0.02,0.02,0.33,0.01,0.05,-0.24,-0.34,-0.72,-0.04,-0.55,-0.21,-0.47,0.07,-0.75,-1.08,0.52,-0.05,-0.31,-0.18,0.47,-0.08,-0.21,-0.07,0.33,0.14,0.35,0.28,0.4,0.57,-0.27,-0.19,0.1,0.82,-0.09,-0.36,-0.57,0.27,0.17,-0.11,0.43,-0.35,0.53,-0.07,-0.34,0.02,0.14,0.01,-0.07,-0.36,-0.16,0.2,-0.02,-0.19,-0.78,0.47,0.05,0.22,0.22,-0.08,0.35,-0.41,0.26,-0.15,-0.06,0.43,-0.14,-0.19,-0.04,0.02,0.46,0.39,0.08,0.88,-0.21,0.64,-0.37,-0.35,-0.14,0.53,-0.41,-0.26,-0.2,-0.51,0.21,0.07,0.09,-1.31,0.12,1.25,0.37,0.53,-0.17,-0.13,-0.58,0.28,-0.45,-0.17,-0.37,-0.23,-0.06,0.26,0.41,0.04,-0.31,0.22,0.41,-0.17,-0.22,-0.45,0.05,-0.06,-0.06,-0.16,0.85,0.76,-0.47,0.12,-0.29,-0.46,-0.29,0.13,0.14,-0.45,-0.05,-0.08,0.49,0.57,-0.24,0.07,-0.36,-0.01,-0.27,0.03,0.41,-0.06,-0.04,-0.37,0.17,0.21,-0.43,-0.42,0.08,0.45,-0.49,-0.57,0.56,-0.26,1.59,-0.3,0.24,-0.35,-0.01,2.09,0.4,-0.35,0.33,0.15,0.0,0.09,0.43,-0.07,0.13,0.05,-0.09,-0.15,0.23,0.11,0.02,0.81,0.17,0.32,-0.33,0.44,-0.13,0.22,-0.06,0.04,1.06,-0.32,-0.09,0.21,0.71,-0.01,-0.21,0.08,0.41,-0.2,-1.75,-0.62,0.08,-0.79,-0.76,0.43,-0.28,-0.16,0.03,0.83,0.02,-0.52,-0.39,0.19,0.03,-0.02,-0.06,0.26,-0.19,-0.48,0.23,0.35,-0.05,-0.09,-0.12,-0.08,0.3,0.13,0.27,0.04,0.58,0.18,0.16,0.21,0.7,-0.01,-0.09,-0.1,0.06,0.53,0.73,0.01,0.41,-0.44,0.4,0.09,0.1,0.06,-0.07,-0.13,-0.29,-0.5,0.27,-0.02,-1.7,-0.64,-0.97,-0.71,0.08,-0.19,0.0,0.9,-0.23,-0.77,0.1,-0.66,0.87,0.21,-0.31,-0.16,0.03,0.62,0.06,-0.02,0.04,0.01,-0.5,-0.17,-0.74,-0.15,-0.5,-0.1,0.01,0.04,0.11,1.5,0.2,-0.23,0.13,-0.29,-0.27,-0.48,-0.25,0.24,-0.21,-0.49,-0.28,0.04,0.15,-0.01,0.08,-0.27,-0.16,1.36,-0.1,-0.46,-0.3,-0.36,-0.15,-0.14,0.16,-0.1,-0.07,-0.1,-0.56,0.17,-0.12,0.67,0.06,-0.23,0.36,-0.33,-0.56,-0.16,0.1,0.99,0.54,-0.07,0.29,-0.05,-0.06,-0.1,-0.13,-0.63,0.04,-0.4,0.37,-0.09,-0.31,-0.46,0.78,-0.32,-0.39,-1.07,-0.45,0.02,-0.04,0.7,0.24,-0.33,-0.44,0.05,-0.33,-0.67,-0.19,0.85,0.89,-0.33,-0.12,-0.06
0.51,0.11,0.53,1.03,-1.1,-1.18,0.61,-0.08,0.11,-0.38,-0.03,0.37,0.11,0.37,0.43,0.25,-0.87,-0.74,-1.12,0.51,-0.34,1.39,0.44,-0.18,0.91,-0.06,0.04,0.62,0.9,1.12,-0.09,0.06,-0.02,-0.12,0.23,0.93,-0.17,0.22,-0.08,0.36,1.05,-0.07,-0.29,0.61,0.2,0.42,-0.23,-0.12,-0.03,0.14,0.4,0.13,-0.2,0.08,0.19,-0.2,0.88,0.21,0.69,0.38,-0.06,-0.47,-0.01,-0.37,0.23,-0.17,-0.23,0.02,0.79,0.22,1.31,0.92,0.58,0.42,0.23,1.99,0.43,-0.13,0.81,0.19,0.99,-0.29,0.08,0.13,0.56,-0.75,-0.9,0.46,0.38,1.59,0.32,0.08,-0.11,0.33,-0.27,0.56,-0.06,-0.57,0.03,0.79,0.48,-0.47,-0.33,0.5,-0.12,1.03,0.87,0.71,0.06,0.19,-0.16,-0.01,-0.07,0.35,-0.08,0.2,0.89,-0.1,0.31,0.5,-0.01,-0.25,0.09,0.92,0.51,0.61,-0.05,0.21,-0.16,0.85,0.55,0.5,0.38,0.21,-0.35,-0.13,0.54,1.22,0.05,0.1,0.39,1.18,0.0,0.06,0.37,0.11,-0.31,0.05,-0.57,0.2,-0.17,0.9,0.65,-0.08,-0.38,-0.48,-0.08,-0.23,0.36,1.12,0.47,-0.29,0.22,0.84,0.4,0.24,-0.01,-0.06,0.31,0.48,0.2,0.1,0.53,0.81,0.88,0.49,0.84,-0.21,0.34,-0.29,-0.42,-0.14,0.24,0.59,-0.2,-0.26,-0.23,0.14,-0.17,-0.09,0.55,-0.18,1.5,0.76,0.98,0.34,-0.13,0.21,0.1,0.07,0.64,-0.71,0.44,-0.3,-0.54,0.12,-0.34,0.32,0.05,0.24,-0.12,0.21,-0.02,-0.21,-0.45,0.23,0.01,1.17,1.48,-0.11,0.64,-0.13,0.69,-0.24,-0.17,0.0,0.32,-0.02,-0.08,0.02,-0.04,0.31,0.23,0.19,0.07,-0.37,-0.16,0.88,0.35,0.07,-0.37,-0.25,0.03,-0.22,-0.03,-0.09,0.42,0.46,-0.45,0.0,-0.21,2.53,0.44,-0.04,0.09,0.29,2.18,1.49,-0.31,-0.1,-0.35,-0.09,-0.14,0.24,0.12,-0.05,-0.16,0.16,1.35,-0.16,0.06,-0.03,1.41,0.05,0.26,0.41,-0.24,-0.11,-0.26,-0.14,-0.11,0.33,-0.38,-0.42,0.11,0.49,0.03,-0.04,0.08,-0.15,0.73,0.06,0.53,-0.14,-0.43,0.08,0.36,-0.17,-0.23,0.03,0.46,-0.24,-0.57,-0.07,0.7,0.89,0.8,0.56,0.41,-0.17,0.57,0.03,-0.1,-0.28,0.12,-0.1,-0.08,-0.23,0.11,0.13,0.05,0.17,-0.03,0.33,-0.43,0.16,0.09,-0.38,1.04,0.26,0.44,0.27,-0.14,0.72,0.34,0.17,0.54,-0.58,-0.16,-0.66,0.17,-0.8,-0.21,0.54,-0.29,-0.61,0.01,-0.74,-0.93,-0.38,-0.02,0.27,1.56,0.61,0.15,0.2,-0.56,1.17,1.12,-0.45,-0.01,0.39,1.38,-0.43,-0.02,-0.08,0.08,0.02,-0.03,-0.68,-0.04,0.11,0.41,0.22,0.88,0.14,2.74,0.3,-0.44,0.16,-0.16,0.11,-0.09,-0.09,0.21,-0.51,0.05,0.75,-0.38,0.09,0.19,0.05,0.33,0.21,1.1,-0.38,0.13,-0.19,-0.18,-0.32,-0.1,0.33,-0.8,-0.15,-0.47,-0.18,0.29,0.08,1.35,0.07,-0.14,0.22,-0.13,-0.16,0.12,-0.04,0.84,0.17,0.69,0.62,0.08,0.1,-0.44,-0.4,-0.76,-0.12,0.36,-0.04,0.17,0.03,0.05,0.43,-0.67,0.03,0.35,0.85,0.69,-0.39,0.56,-0.37,-0.35,-0.44,-0.09,0.7,0.29,0.13,0.63,0.49,0.22,0.68,0.63
-0.2,0.3,0.8,0.99,-0.02,-0.16,0.69,-0.28,0.34,-0.14,0.41,-0.09,0.49,0.94,1.25,0.85,0.21,-0.01,-0.09,0.46,0.22,1.12,0.5,0.5,0.48,-0.11,0.06,1.3,0.27,0.71,0.0,0.13,0.08,0.27,0.2,0.48,0.2,-0.27,0.12,-0.06,0.83,-0.21,-0.23,0.74,-0.01,0.23,-0.28,0.07,0.03,-0.01,0.36,0.33,0.0,-0.24,-0.3,0.26,0.3,0.81,1.25,0.08,0.26,-0.89,-1.0,0.03,0.04,0.28,0.16,0.45,0.44,0.34,0.73,0.74,0.3,0.07,0.85,0.87,-0.03,-0.2,0.08,0.18,1.08,0.04,0.11,0.06,0.05,-0.26,-0.46,0.27,0.24,0.67,-0.06,-0.04,0.16,0.1,0.07,0.09,0.24,-1.53,0.26,0.97,0.7,-0.23,-0.11,0.02,-0.05,0.97,0.98,0.63,0.09,0.11,-0.26,-0.09,-0.23,1.24,-0.21,0.78,0.78,0.2,1.59,0.43,0.26,-0.35,0.12,1.0,0.16,0.04,-0.17,0.1,0.25,1.05,0.87,0.81,0.24,0.5,-0.08,-0.02,0.1,1.82,-0.02,0.04,0.7,1.12,0.02,0.29,-0.29,0.17,-0.12,0.23,-0.29,0.34,-0.09,0.28,0.48,-0.11,0.01,-0.14,-0.23,0.45,-0.09,0.91,-0.02,-0.2,-0.01,-0.23,0.51,-0.11,0.58,-0.04,0.07,-0.09,0.06,-0.22,0.72,0.37,1.02,0.78,0.62,-0.25,0.15,-0.37,-0.07,-0.11,0.05,0.14,-0.09,-0.24,0.17,0.05,-0.14,-0.3,1.24,-0.12,0.71,0.96,1.05,0.17,-0.17,-0.18,0.04,0.33,-0.2,-0.76,-0.89,-0.04,0.09,-0.02,0.07,0.31,0.54,0.03,0.31,0.72,0.14,0.32,-0.27,0.46,-0.15,0.53,1.09,-0.13,0.52,0.02,0.42,-0.36,-0.06,0.29,-0.55,0.15,-0.2,-0.12,0.03,-0.07,-0.14,-0.26,-0.33,-0.39,0.07,0.75,-0.28,-0.49,-0.09,-0.27,0.18,0.53,0.14,0.17,0.45,0.77,-0.33,-0.11,-0.24,2.03,0.14,0.13,0.53,-0.26,1.21,0.24,-0.03,-0.03,-0.06,-0.23,-0.19,0.24,0.44,-0.83,-0.56,-0.27,0.31,-0.21,-0.13,-0.4,1.01,0.25,0.08,0.6,-0.3,-0.04,-0.16,0.04,-0.38,-0.04,-0.43,-0.08,0.7,0.39,0.08,0.16,0.45,0.16,0.44,1.4,0.57,-0.57,-0.1,-0.18,0.23,0.08,-0.25,-0.3,0.12,0.24,-0.25,0.31,1.01,0.94,0.86,0.87,0.86,-0.17,0.88,-0.56,-0.34,-1.39,0.37,0.04,-0.41,-0.13,-0.2,0.38,0.05,-0.24,0.25,-0.04,-0.58,-0.21,-0.37,-0.14,0.88,-0.13,0.13,-0.06,-0.15,0.46,0.57,-0.18,1.44,-0.18,-0.32,-0.52,-0.25,-0.72,-0.19,0.61,-0.09,-0.01,0.23,-0.08,0.0,-0.46,-0.23,0.46,1.2,0.68,0.6,-0.36,-0.24,0.34,0.29,-0.07,0.01,-0.2,0.93,0.12,-0.2,0.31,0.64,0.32,0.07,-0.14,-0.2,0.28,0.23,0.32,0.5,0.31,2.44,0.32,-0.08,0.59,-0.82,0.04,-0.4,-0.41,0.4,-0.48,0.7,0.16,0.04,-0.01,0.02,-0.3,0.42,-0.26,0.49,0.75,-0.11,-0.13,-0.03,-0.07,0.34,0.12,-0.71,-0.3,-0.07,0.28,-0.21,0.15,1.44,0.11,-0.35,0.06,0.19,0.22,-0.06,-0.04,0.64,0.1,0.5,0.04,-0.37,0.13,-0.4,0.17,0.04,-0.08,0.72,-0.29,-0.24,0.49,0.1,0.14,-0.14,0.33,1.57,1.0,0.75,-0.05,0.66,-0.06,0.01,-0.13,-0.28,0.61,0.73,-0.09,-0.39,-0.09,0.64,0.8,0.98
-0.34,0.22,0.45,0.11,0.88,0.77,0.14,-0.09,0.39,-0.06,0.13,-0.2,-0.28,0.19,-0.1,0.19,0.08,0.97,0.96,-0.71,0.08,0.3,0.03,0.53,0.11,-0.32,0.11,1.08,0.05,0.0,-0.11,-0.05,0.08,0.2,-0.04,-0.16,0.23,-0.03,0.16,-0.15,0.12,-0.42,-0.09,0.56,0.08,0.08,0.01,0.16,0.13,-0.12,0.22,0.27,0.14,-0.1,-0.15,0.04,-0.26,0.69,0.62,0.08,0.4,-0.19,-0.08,0.67,0.21,0.46,0.3,0.3,0.2,0.43,0.31,0.46,0.42,-0.17,0.72,0.36,-0.08,-0.28,-0.13,-0.15,0.64,0.31,0.19,0.11,0.01,0.98,0.98,0.25,0.53,0.72,0.15,0.41,0.0,0.03,0.42,0.13,0.32,-1.36,0.32,0.53,0.08,0.01,-0.25,-0.06,0.2,0.05,0.06,0.36,0.12,-0.02,-0.13,0.01,-0.28,0.73,-0.49,0.28,0.37,0.38,1.36,0.5,0.18,-0.19,0.25,0.01,-0.22,-0.04,0.1,-0.06,0.08,-0.22,0.06,0.27,0.04,0.14,-0.41,0.1,-0.28,1.64,0.06,0.01,0.38,1.12,-0.13,0.01,0.42,-0.51,0.07,0.25,-0.26,-0.41,0.26,-0.17,0.17,-0.03,0.19,0.22,0.16,0.76,-0.18,0.79,-0.12,0.14,0.03,-0.5,0.39,0.04,0.35,-0.07,0.28,0.33,0.21,-0.04,0.2,0.23,0.16,0.29,0.01,-0.13,-0.57,-0.08,0.3,0.16,0.37,0.44,0.12,0.01,0.52,0.45,-0.01,-0.21,1.31,-0.09,0.24,0.16,0.62,0.2,0.11,0.03,0.06,0.93,-0.06,-0.1,-0.34,0.43,-0.02,-0.02,-0.01,0.19,0.22,0.22,0.09,0.71,0.51,0.15,-0.15,0.24,0.15,0.09,0.73,0.4,0.91,0.26,0.71,-0.09,0.15,0.44,-0.4,0.3,0.26,-0.61,-0.02,-0.23,0.03,-0.09,0.23,-0.06,0.01,0.46,-0.12,-0.25,0.3,-0.17,0.05,0.69,0.35,-0.28,0.38,0.72,0.02,0.09,-0.07,1.35,0.37,0.23,0.48,-0.36,0.47,-0.21,0.33,-0.18,-0.16,0.13,-0.08,0.06,0.31,-0.87,-0.28,-0.43,-0.12,-0.3,0.24,-0.53,0.68,-0.16,0.16,0.34,0.76,-0.2,-0.13,0.24,-0.2,-0.65,0.18,-0.14,0.2,0.14,0.12,0.09,0.07,-0.09,-0.02,1.88,0.85,-0.51,-0.05,0.27,0.07,0.37,0.1,-0.05,-0.11,0.09,0.05,-0.07,0.26,0.08,0.16,0.24,0.33,0.34,0.5,-0.52,-0.21,-0.99,0.25,0.32,-0.06,-0.08,-0.53,0.29,0.07,-0.06,-0.05,0.11,-0.37,-0.53,-0.12,-0.09,0.6,0.11,-0.52,-0.42,0.04,0.32,0.38,-0.27,0.42,-0.18,-0.53,-0.17,0.08,0.14,-0.05,0.6,-0.19,0.72,0.54,1.14,0.9,-0.44,0.02,0.46,0.89,0.41,0.59,0.36,0.39,0.44,0.16,-0.02,0.31,-0.25,0.37,0.08,0.01,0.21,0.22,0.43,0.5,0.45,0.03,0.58,0.46,-0.12,0.35,0.32,1.9,0.02,-0.34,0.25,-0.39,0.01,-0.12,-0.21,-0.12,-0.04,0.7,0.48,0.08,-0.14,0.01,-0.4,0.25,-0.11,-0.13,0.73,-0.22,-0.02,0.35,0.17,0.05,0.05,-0.16,-0.41,0.21,0.17,-0.04,0.33,0.93,0.25,0.02,0.13,0.2,0.41,0.29,0.05,0.71,-0.08,0.32,-0.53,-0.51,0.11,0.1,0.18,0.46,0.14,0.3,-0.3,-0.02,0.37,0.22,-0.19,-0.09,0.23,1.1,0.41,0.23,0.1,0.07,-0.04,0.18,0.14,-0.03,0.31,0.6,0.08,-0.14,-0.34,0.42,0.08,0.07
-0.59,0.08,0.16,-0.39,1.3,1.27,-0.39,-0.08,0.1,0.17,0.11,-0.18,-0.43,0.04,-0.1,0.01,0.11,1.01,1.32,0.86,-0.09,0.21,-0.03,0.22,0.01,-0.11,-0.05,0.27,-0.29,-0.5,-0.04,0.26,0.22,-0.05,-0.07,0.02,-0.13,-0.31,-0.15,-0.45,-0.53,0.14,0.12,-0.28,0.12,-0.12,-0.26,-0.72,-0.44,-0.09,0.13,-0.06,-0.03,-0.02,-0.16,-0.2,-0.39,0.41,-0.01,-0.22,-0.08,-0.08,-0.24,0.68,-0.15,0.16,0.23,-0.29,0.02,-0.08,-0.25,0.14,-0.28,-0.39,-0.08,0.28,-0.26,-0.06,-0.46,-0.52,0.18,0.17,0.05,0.15,-0.2,0.94,1.15,-0.3,0.05,-0.23,-0.08,-0.12,-0.03,-0.17,-0.13,-0.03,-0.2,-1.59,-0.14,0.13,-0.31,-0.18,-0.61,-0.26,-0.52,-0.18,-0.08,-0.19,0.17,0.03,0.06,-0.07,-0.4,0.2,-0.53,-0.05,-0.19,0.23,0.92,0.3,-0.1,-0.48,0.02,-0.17,-0.34,-0.02,-0.14,-0.36,-0.1,-0.21,-0.24,-0.28,-0.26,-0.06,-0.47,-0.22,-0.13,0.82,-0.49,-0.48,0.21,0.92,-0.15,-0.28,-0.27,-0.4,-0.25,0.08,-0.26,-0.05,0.03,-0.2,0.05,-0.25,-0.11,0.06,-0.21,0.69,-0.53,0.2,-0.12,0.18,-0.05,-0.42,0.18,-0.23,0.04,-0.17,0.1,-0.16,-0.04,-0.45,-0.21,-0.15,-0.13,-0.09,-0.63,-0.07,-0.39,-0.25,-0.05,-0.2,0.03,0.18,-0.15,-0.15,0.13,0.05,-0.16,-0.3,0.88,-0.32,-0.38,-0.25,0.14,-0.17,-0.06,-0.13,0.04,0.14,-0.38,0.29,-0.04,-0.2,-0.13,-0.41,-0.1,0.1,0.11,-0.19,-0.13,-0.09,0.03,0.08,-0.22,-0.22,-0.2,0.01,-0.14,-0.14,0.07,-0.09,0.44,-0.19,-0.27,-0.09,-0.58,-0.4,-0.22,-0.22,-0.27,-0.18,-0.8,-1.07,-0.22,-0.23,-0.14,-0.27,-0.12,0.04,-0.2,-0.45,-0.05,0.08,-0.08,-0.67,-0.34,-0.04,-0.34,-0.24,-0.46,0.15,0.06,-0.04,0.41,-0.11,0.09,-0.39,0.17,-0.03,-0.16,-0.35,-0.33,-0.01,-0.07,-1.01,0.22,-0.4,-0.17,-0.11,-0.08,-0.57,0.21,-0.12,-0.47,-0.14,-0.22,-0.2,-0.46,-0.34,-0.66,-0.78,-0.25,0.22,-0.32,0.04,-0.32,-0.4,-0.11,-0.21,-0.64,1.31,0.37,-0.89,0.33,0.2,0.1,0.14,-0.03,0.03,-0.72,0.02,0.23,-0.22,-0.23,-0.16,-0.26,-0.35,-0.14,-0.23,-0.01,-0.32,-0.32,-0.62,0.15,-0.17,-0.27,-0.13,-0.2,-0.02,-0.34,-0.52,-0.01,-0.07,-0.37,-0.21,-0.54,-0.11,-0.25,-0.26,-0.57,-0.06,-0.06,-0.02,0.05,-0.39,0.04,0.08,-0.58,0.12,-0.32,0.26,-0.24,0.32,-0.28,0.45,0.8,0.96,1.12,-0.43,-0.34,-0.31,0.23,-0.33,-0.04,-0.42,0.51,-0.76,-0.55,-0.07,-0.12,-0.43,-0.4,0.34,-0.15,0.1,-0.18,0.08,-0.21,0.18,-0.4,-0.1,-0.02,-0.05,-0.46,0.16,0.9,-0.2,-0.31,-0.19,-0.31,-0.29,-0.16,-0.15,-0.36,-0.51,-0.13,-0.1,-0.34,-0.49,-0.3,-0.6,-0.12,-0.53,-0.5,0.09,-0.27,0.01,-0.09,-0.26,-0.22,-0.36,-0.26,-0.21,0.0,-0.09,-0.3,-0.18,0.16,-0.37,-0.33,-0.1,-0.27,0.02,-0.29,-0.25,0.45,-0.36,-0.06,-1.15,-0.08,-0.49,0.05,-0.08,0.59,0.02,-0.01,-0.15,-0.26,0.03,-0.18,-0.42,0.09,0.0,0.56,-0.14,-0.3,-0.07,-0.47,-0.12,0.15,-0.13,-0.28,-0.23,-0.12,-0.15,-0.7,-0.83,-0.09,-0.24,-0.24
-0.31,0.07,-0.09,-0.86,1.29,1.17,-0.67,0.16,-0.47,0.11,0.1,0.21,0.21,-0.47,-0.18,-0.37,0.39,1.36,1.24,-0.2,-0.34,-0.32,0.04,-0.35,0.32,0.34,-0.11,0.04,-1.09,-0.78,-0.09,-0.07,0.38,0.29,-0.02,-0.62,0.31,0.09,-0.27,-0.41,-0.87,0.14,0.06,-0.6,0.12,-0.59,0.08,-0.24,-0.17,0.16,-0.09,-0.18,0.09,0.25,0.26,-0.58,-0.56,0.13,-0.36,-0.26,-0.14,-0.7,-0.17,0.87,-0.28,0.07,0.24,-0.02,-0.27,-0.06,-0.31,-0.22,-0.16,0.04,-0.13,-0.07,0.03,0.13,-0.33,-0.38,-0.05,0.35,0.1,0.21,-0.14,1.09,1.47,-0.05,0.3,0.6,-0.17,-0.21,0.17,0.0,0.02,0.16,-0.09,-1.44,-0.19,0.07,0.08,-0.01,-0.39,0.35,-0.03,-0.33,-0.42,0.04,-0.05,0.16,0.26,0.28,-0.38,0.0,-0.1,-0.11,-0.11,0.24,0.71,0.38,-0.22,-0.55,-0.28,-0.46,-0.11,0.06,0.3,-0.5,-0.11,-0.42,-0.31,-0.41,-0.02,0.02,-0.18,0.03,-0.09,0.79,-0.49,-0.15,-0.03,0.65,0.0,-0.32,1.0,0.08,0.17,-0.11,0.05,0.54,0.12,-0.04,0.21,0.11,0.03,0.19,0.21,0.59,-0.32,0.26,0.42,0.08,0.3,0.01,0.01,0.02,-0.05,0.13,0.07,0.2,-0.12,-0.2,-0.14,0.23,-0.24,-0.27,-0.84,0.06,0.45,0.0,0.27,-0.3,-0.13,0.11,0.36,0.25,0.19,-0.02,-0.02,-0.04,0.99,0.06,-0.57,-0.26,0.01,0.11,0.01,0.09,0.26,0.59,0.01,0.52,0.7,0.13,0.22,0.02,-0.21,-0.04,-0.05,-0.1,-0.24,-0.19,0.11,0.38,-0.03,-0.44,-0.01,-0.27,-0.33,0.42,0.39,0.27,0.72,0.33,-0.02,0.0,0.13,-0.07,0.17,0.12,-0.04,0.32,-0.08,0.07,0.35,0.22,0.16,-0.1,0.19,0.07,0.1,0.13,-0.2,0.05,0.35,-0.58,-0.19,0.04,0.13,-0.07,-0.07,0.1,0.19,-0.03,0.51,0.06,-0.37,0.1,0.29,-0.18,0.03,0.2,0.02,-0.31,0.28,-0.5,0.39,-0.05,0.17,0.17,0.52,-0.05,-0.04,-0.09,0.01,-0.24,0.17,-0.12,-0.54,0.09,-0.05,-0.3,0.13,0.17,0.13,0.22,0.08,0.15,-0.28,0.05,-0.4,1.52,0.69,-0.25,0.39,0.59,-0.19,0.42,0.45,0.24,-0.39,-0.18,0.29,-0.41,-0.34,-0.19,-0.21,-0.17,-0.4,0.36,0.11,0.26,0.12,0.68,-0.04,-0.1,0.22,0.39,0.14,-0.27,0.0,-0.4,-0.23,-0.02,-0.07,0.32,0.23,0.09,-0.33,0.27,-0.47,-0.5,-0.14,0.69,0.29,0.12,-0.4,0.0,0.06,0.17,0.22,1.02,0.05,0.37,-0.06,0.69,0.9,1.4,1.07,-0.11,-0.12,0.02,0.23,-0.35,0.07,-0.33,0.58,-0.36,-0.19,0.43,0.2,0.26,-0.28,0.23,0.29,-0.15,-0.43,0.04,0.18,0.41,0.1,0.11,-0.1,-0.12,0.02,0.42,0.97,-0.13,-0.44,-0.49,0.34,0.01,0.22,0.1,-0.08,0.32,0.09,-0.45,0.14,-0.03,0.04,0.08,-0.04,0.54,-0.58,-0.27,-0.03,0.34,0.12,0.24,-0.33,-0.13,-0.03,0.41,-0.07,0.1,-0.04,0.15,0.13,0.16,0.1,-0.46,0.0,0.1,0.21,0.06,0.51,-0.1,0.09,-1.11,0.49,-0.22,0.55,-0.17,0.42,0.27,0.1,0.16,0.17,-0.12,0.13,0.09,0.37,0.26,0.18,-0.27,-0.08,-0.07,-0.65,-0.25,0.02,0.22,0.18,0.1,-0.01,0.31,0.24,0.04,-0.03,-0.14,-0.35
-0.25,-0.02,-0.35,-0.41,1.29,1.3,0.22,-0.35,-0.05,0.07,0.03,1.01,0.4,0.22,0.07,0.37,-0.19,0.67,0.57,0.05,0.63,0.21,0.52,0.16,-0.36,0.36,-0.16,-0.51,0.32,-0.23,0.41,0.22,0.35,0.28,0.24,0.24,0.2,-0.29,-0.04,-0.04,-1.25,0.88,0.56,-0.28,-0.01,0.54,-0.05,-0.31,-0.24,0.06,0.21,0.58,0.09,0.27,-0.05,0.31,0.43,0.31,-0.04,0.3,-0.55,-0.56,-0.36,0.95,-0.26,-0.19,0.14,0.19,0.2,-0.04,-0.37,-0.5,-0.47,0.04,-0.48,0.16,0.23,0.36,0.04,-0.49,0.03,-0.02,-0.05,0.3,0.14,0.31,0.58,-0.23,-0.22,-0.09,0.19,-0.4,0.1,0.32,-0.4,0.45,-0.23,-1.32,-0.16,0.14,-0.46,-0.33,-0.4,0.2,-0.34,0.08,-0.12,-0.21,0.32,-0.08,-0.06,0.39,0.0,0.11,0.53,-0.13,-0.54,0.12,0.58,0.4,-0.15,-0.48,0.06,-0.17,-0.14,-0.18,0.31,-0.11,-0.21,-0.11,-0.11,-0.16,0.29,-0.07,0.11,0.03,0.63,0.37,-0.66,-0.02,-0.05,-0.34,0.16,-0.15,0.2,-0.12,0.04,-0.23,0.19,0.23,-0.13,0.23,0.27,-0.11,-0.06,0.18,0.08,0.65,-0.03,0.12,0.98,0.35,-0.03,0.46,-0.34,0.08,-0.13,0.14,0.1,0.09,0.07,-0.39,-0.11,-0.08,-0.08,0.02,-0.28,0.22,0.63,0.34,0.05,-0.22,-0.45,-0.07,0.15,0.05,-0.32,-0.1,0.2,-0.24,0.83,0.17,-0.66,-0.08,-0.01,0.07,0.32,0.25,0.25,0.2,0.12,0.59,0.26,-0.12,0.3,0.19,-0.22,0.2,0.1,-0.03,-0.31,-0.37,0.11,0.68,-0.01,-0.25,0.16,-0.03,-0.65,-0.21,-0.23,0.02,0.42,0.03,-0.06,0.03,0.46,-0.32,-0.24,0.66,0.2,0.41,-0.39,-0.58,0.15,0.3,0.03,-0.23,0.29,-0.1,-0.3,0.21,0.22,-0.15,-0.01,-0.34,-0.15,-0.03,-0.27,0.16,-0.17,-0.53,0.02,0.14,0.51,0.3,-0.28,0.12,0.32,0.04,0.14,-0.04,0.12,0.07,-0.18,-0.59,0.27,-0.06,0.24,-0.22,0.15,0.21,-0.09,0.14,0.1,-0.14,0.37,-0.04,-0.18,-0.34,-0.02,0.5,0.05,0.11,-0.09,0.44,-0.04,0.01,-0.21,-0.13,-0.67,0.95,0.29,-0.46,0.81,0.3,0.12,-0.28,0.08,0.45,0.05,-0.14,0.5,-0.07,-0.23,-0.13,-0.31,-0.35,-0.3,-0.1,-0.33,0.39,0.38,0.39,-0.17,-0.08,0.1,0.21,0.52,-0.06,-0.47,0.18,-0.08,-0.09,0.0,0.7,-0.08,0.03,-1.23,0.08,-0.09,0.28,-0.01,0.5,0.25,-0.11,-0.47,0.26,-0.11,0.08,-0.07,0.8,0.09,-0.06,-0.14,-0.47,0.88,0.55,0.29,-0.43,-0.14,-0.27,-0.06,0.42,-0.66,-0.15,0.85,-0.98,-0.34,-0.07,-0.16,0.17,-0.46,0.06,0.28,-0.29,-0.45,-0.56,-0.35,-0.16,-0.55,-0.57,-0.02,0.28,-0.34,0.2,0.65,-0.4,-0.68,-0.31,0.21,-0.25,-0.23,0.19,0.12,-0.08,-0.23,0.04,0.11,-0.06,0.12,0.55,0.05,-0.35,-0.76,-0.22,0.03,0.23,-0.03,-0.23,-0.18,-0.15,-0.16,0.87,-0.38,0.13,-0.14,-0.24,-0.03,0.14,-0.19,-0.19,-0.09,-0.07,0.03,-0.13,0.57,0.18,-0.51,-0.89,0.31,-0.19,0.55,-0.03,0.46,0.02,-0.54,0.23,-0.12,-0.01,-0.21,0.42,0.33,-0.11,-0.32,-0.32,-0.25,0.1,-0.04,-0.04,-0.12,-0.15,-0.07,-0.2,-0.29,-0.09,-0.06,0.12,-0.5,-0.27,-0.22
0.11,0.11,-0.11,-0.2,0.16,0.05,-0.37,0.02,-0.53,0.37,-0.12,-0.06,-0.01,-0.38,-0.45,-0.37,0.05,0.08,0.35,1.46,-0.5,0.65,-0.06,-0.42,0.12,0.43,0.13,-0.8,0.41,-0.2,0.09,0.07,0.19,-0.53,-0.05,0.41,0.08,0.34,-0.19,-0.36,-1.15,0.34,0.57,-0.41,0.09,-0.22,0.2,-0.16,-0.3,-0.06,-0.32,-0.15,0.44,0.29,0.28,0.07,0.03,-0.36,-0.55,-0.29,-0.13,-0.22,-0.32,0.45,-0.38,-0.46,-0.35,-0.62,-0.36,-0.46,-0.52,-0.28,-0.05,-0.12,-0.44,-0.05,-0.21,-0.1,-0.28,-0.13,-0.76,0.07,0.08,0.41,-0.02,0.07,0.18,-0.05,-0.08,-0.71,-0.15,-0.18,0.1,-0.08,-0.24,-0.19,0.26,-1.74,-0.28,-0.56,-0.27,-0.15,-0.35,0.65,-0.47,-0.62,-0.32,-0.3,-0.08,0.07,0.1,-0.14,0.08,-0.53,-0.16,-0.87,-0.34,-0.23,0.53,0.43,0.08,-0.19,-0.3,-0.47,0.11,-0.07,0.27,-0.09,-0.7,-0.39,-0.43,-0.45,-0.16,-0.27,-0.01,0.1,0.01,0.04,-0.51,-0.36,-0.38,-0.27,-0.24,-0.02,-0.05,0.56,0.01,-1.1,0.09,-0.34,-0.15,-0.35,-0.61,0.25,0.25,0.22,-0.14,-0.33,-0.12,-0.31,0.7,0.01,0.08,0.21,-0.21,0.58,0.04,0.11,-0.37,-0.34,-0.25,0.08,-0.42,0.91,-0.49,-0.68,0.1,-0.19,0.14,-0.37,0.22,-0.14,-0.23,-0.43,-0.22,0.41,-0.04,-0.35,0.41,0.45,0.13,0.21,-0.62,-0.71,0.14,-0.51,-0.07,-0.28,0.36,0.37,-0.64,0.8,0.35,0.11,0.09,-0.13,-0.32,-0.31,-0.18,-0.14,-0.49,-0.35,-0.51,0.01,0.46,-0.53,-0.18,0.23,-0.79,0.34,0.33,0.13,0.07,0.28,-0.36,-0.41,-0.24,0.15,0.5,0.67,-0.09,-0.36,0.1,0.07,0.6,-0.28,-0.14,-0.42,0.16,0.33,-0.32,-0.02,-0.23,-0.11,0.19,0.09,-0.56,-0.67,-0.07,0.16,0.52,0.02,-0.57,-0.01,-0.19,-0.03,-0.5,-0.32,-0.12,0.21,0.32,-0.27,-0.02,-0.21,0.12,0.25,0.44,0.19,-0.68,0.33,0.53,0.72,-0.28,0.01,-0.13,-0.44,0.93,0.18,-0.46,0.07,0.34,0.51,0.39,-0.79,-0.11,0.25,0.25,0.1,0.05,0.12,0.0,0.57,0.0,-0.02,0.22,-0.41,-0.15,0.01,0.05,-0.04,-0.19,0.11,0.1,-0.24,-0.49,-0.81,-0.29,-0.17,-0.32,-0.19,-0.44,0.79,0.64,1.08,-0.13,-0.1,0.57,0.39,0.11,-0.06,-0.14,0.83,-0.03,-0.02,-0.07,1.11,0.43,0.26,-0.99,-0.06,0.4,0.61,0.02,0.88,-0.75,0.25,-0.12,0.46,0.49,0.26,0.23,0.82,-0.19,0.34,-0.11,-0.6,-0.25,0.11,0.24,-0.47,0.14,-0.02,0.16,-0.38,-0.82,-0.13,-0.24,0.33,0.12,0.15,0.28,0.16,-0.49,0.23,0.12,-0.3,-0.37,-0.33,-0.01,0.03,0.27,-0.17,-0.37,-0.22,-0.28,0.31,0.23,-0.22,-0.35,-0.41,0.59,0.01,0.11,0.04,0.27,0.41,-0.39,-0.2,0.26,0.02,0.05,0.66,-0.2,-0.26,0.06,-0.62,-0.36,0.26,0.12,-0.03,-0.12,-0.18,0.36,0.45,-0.09,-0.25,0.27,0.08,-0.03,-0.24,0.13,0.04,-0.13,-0.17,0.15,0.03,-0.71,0.27,-0.67,-0.51,0.48,0.01,-0.27,-0.37,0.3,0.14,-0.46,0.48,0.16,-0.36,-0.24,0.55,0.32,0.03,-0.38,-0.51,-0.25,-0.2,0.01,0.05,-0.63,0.39,0.23,-0.21,-0.25,0.46,1.15,1.29,-0.08,-0.32,-0.33
0.44,-0.1,-0.35,0.41,0.0,-0.09,0.6,-0.35,-0.24,0.23,0.05,0.01,0.17,0.32,0.23,0.17,0.03,-0.26,-0.2,0.21,-0.03,1.13,0.62,-0.03,0.34,0.14,-0.16,-0.89,0.47,0.55,0.27,0.23,-0.06,-0.27,0.02,0.75,0.13,-0.27,0.18,-0.05,-1.21,0.46,0.55,-0.43,-0.11,0.08,-0.09,-0.46,-0.35,-0.4,-0.09,-0.44,0.15,-0.03,-0.15,0.25,0.26,-0.34,-0.55,0.05,-0.51,-0.03,-0.48,0.05,-0.07,-0.31,-0.31,-0.24,-0.12,-0.14,0.11,-0.39,0.05,-0.03,-0.48,0.2,-0.03,0.12,0.07,-0.54,-0.66,-0.11,-0.19,0.18,0.35,-0.43,-0.35,-0.48,-0.53,-0.34,0.09,-0.18,-0.2,-0.17,-0.44,0.24,-0.31,-1.59,-0.34,-0.41,-0.17,-0.84,-0.35,0.09,-0.49,-0.33,-0.15,-0.5,-0.09,-0.22,-0.11,-0.52,0.19,-0.72,0.0,-0.9,-0.47,-0.33,-0.24,0.52,-0.15,-0.52,-0.14,-0.16,-0.2,-0.28,0.05,0.02,-0.07,-0.02,0.01,0.1,0.28,-0.22,-0.1,0.02,0.54,-0.5,-0.24,-0.5,-0.25,-0.27,-0.04,-0.08,-0.4,0.74,-0.19,-0.19,-0.07,0.18,-0.18,0.07,-0.2,-0.06,-0.17,0.01,-0.08,-0.09,0.2,-0.16,0.78,-0.08,-0.34,0.31,-0.75,0.34,-0.21,-0.07,-0.04,0.02,-0.14,-0.25,-0.16,0.5,-0.11,-0.07,0.65,0.57,0.83,-0.12,-0.42,-0.12,-0.11,-0.23,-0.2,-0.16,-0.79,-0.3,0.07,-0.04,-0.6,0.17,0.0,-0.04,0.12,-0.32,-0.07,-0.3,0.23,-0.17,-0.47,0.11,-0.24,-0.14,-0.08,-0.01,-0.3,-0.35,-0.17,0.19,-0.24,-0.12,-0.14,0.03,0.0,-0.55,-0.2,0.7,0.11,-0.59,0.03,-0.38,-0.46,-0.46,0.0,-0.37,-0.31,-0.19,-0.49,0.55,0.28,-0.15,-0.32,-0.34,0.41,-0.06,-0.06,-1.21,-0.24,-0.62,-0.8,0.15,-0.12,-0.28,-0.33,-0.12,-0.13,-0.33,-0.57,0.39,-0.39,0.51,-0.3,0.4,-0.09,-0.26,0.9,-0.1,-0.03,0.04,0.05,-0.04,-0.08,0.29,-0.36,0.01,0.13,-0.14,-0.79,0.08,-0.16,0.35,0.27,0.18,0.35,-0.37,0.45,-0.16,-0.09,-0.43,0.0,0.79,-0.21,0.04,-0.14,0.44,-0.08,-0.13,-0.05,0.39,0.25,0.16,-0.51,-0.42,-0.43,-0.3,0.29,-0.49,-0.05,-0.17,-0.11,0.58,-0.23,-0.27,-0.14,-0.29,-0.42,-0.37,-0.14,-0.27,-0.94,0.23,0.52,-0.13,-0.42,0.02,-0.08,0.22,0.17,0.02,-0.4,0.62,0.01,0.03,-0.02,0.7,-0.25,0.04,-1.04,0.01,0.56,0.7,0.09,0.41,-0.35,-0.01,-0.61,0.31,0.3,-0.14,-0.13,0.1,-0.33,0.25,-0.11,-1.64,-0.6,-0.33,-0.27,-0.53,-0.02,-0.58,0.42,-0.38,-0.6,-0.1,-0.31,0.49,0.16,-0.45,-0.23,0.26,0.16,0.06,0.74,-0.13,0.35,-0.72,0.32,0.02,-0.24,-0.48,-0.17,-0.14,-0.59,0.43,1.06,0.12,-0.29,0.29,-0.01,0.49,0.04,-0.02,0.36,0.12,-0.21,0.38,0.68,0.38,-0.06,0.4,-0.25,-0.02,0.75,-0.8,-0.23,0.24,0.22,0.19,0.11,-0.21,-0.06,0.58,-0.29,-0.4,0.43,-0.07,0.05,0.14,0.32,0.13,-0.19,-0.56,-0.1,0.08,1.28,0.52,-0.77,-0.4,-0.08,-0.06,-0.21,0.55,-0.19,0.6,-0.57,0.64,0.2,-0.29,0.01,0.94,-0.14,-0.33,-1.04,0.22,-0.3,0.4,0.5,0.21,-0.26,0.41,0.67,-0.5,-0.55,-0.11,0.89,0.76,-0.57,-0.19,0.08
