"1","2","5","8","9","10","11","14","16","17","18","19","20","21","22","23","24","25","27","28","32","33","34","35","36","40","42","45","46","50","51","54","55","56","58","64","65","66","67","68","69","70","72","73","78","82","83","84","85","88","89","90","94","99","100","102","103","108","109","110","111","112","113","115","117","119","120","121","126","127","129","130","131","132","133","134","135","137","139","140","142","143","144","145","146","150","151","153","154","155","157","158","159","162","164","167","168","169","170","171","172","174","175","176","177","178","179","180","182","183","184","185","186","187","188","189","191","192","193","194","195","196","199","202","203","204","205","206","207","208","209","211","212","213","217","219","220","222","225","227","231","232","234","236","237","238","239","241","243","244","245","246","248","249","250","251","252","253","255","256","257","259","260","261","262","263","264","265","266","267","268","271","272","273","274","276","277","278","279","280","281","282","284","285","287","291","292","296","297","298","299","301","302","303","304","305","306","308","309","310","311","314","316","318","319","324","326","329","331","332","333","335","336","337","339","340","343","344","345","347","348","349","352","353","354","355","356","357","358","359","360","361","362","363","368","369","371","372","374","375","376","377","379","380","384","386","388","389","390","392","393","394","395","396","397","399","401","402","403","404","405","406","408","409","411","412","414","415","416","417","420","421","422","423","424","425","426","429","430","431","432","433","436","437","438","439","440","442","443","444","447","448","449","450","451","452","453","454","455","457","461","462","463","464","467","469","471","473","474","476","477","478","479","480","481","482","483","485","486","488","490","492","493","496","497","498","499","504","507","509","510","511","514","515","517","519","521","522","523","527","528","530","531","532","533","534","535","536","537","538","542","543","544","545","546","547","550","551","552","553","554","556","557","558","559","560","561","562","563","564","565","566","569","570","572","574","575","576","577","578","579","580","581","582","583","584","585","586","588","590","591","592","593","594","595","597","598","599","600","601","602","603","608","610","611","612","613","614","615","616","617","618","619","621","622","623","624","625","628","629","631","632","633","634","637","638","639","640","641","643","644","646","647","648","649","651","652","653","654","655","656","657","659","661","662","664","666","667","671","672","674","675","676","677","680","681","682","683","684","685","686","687","689","690","691","693","696","697","698","703","704","705","710","711","712","713","714","715","717","721","722","723","724","725","726","727","728","729","730","731","732","733","735","736","737","739","740","741","742","743","744","745","746","747","748","749","750","751","752","753","754","755","759","761","762","763","764","765","766","767","768","769","770","771","772","773","775","776","777","778","779","781","783","784","785","786","787","788","789","790","791","792"
-0.36,1.04,-0.3,-0.46,-1.35,-2.06,-1.61,-0.07,0.11,0.15,-0.43,-0.23,-0.56,-0.27,-0.66,-0.87,-0.61,-0.09,-2.36,-1.81,1.57,-0.06,-0.91,-0.81,-0.48,-1.15,-0.11,-0.25,-0.08,1.71,-0.46,0.04,-0.07,-0.92,0.19,-0.41,-0.29,2.47,0.13,-0.14,-0.02,0.11,-0.69,-0.75,-0.26,-1.18,-0.01,-1.22,-0.58,2.38,1.81,1.19,-0.29,-0.64,-0.35,-0.7,-0.17,0.22,-0.99,-0.36,-0.86,-0.28,-0.16,-0.48,-1.49,-0.14,-0.02,2.17,0.03,-1.29,-0.44,0.08,-0.07,-0.01,-1.51,-1.46,0,0.02,-0.45,-0.16,0.6,-0.05,0.11,0.08,0.12,-0.67,-0.33,-0.27,-0.01,-1.15,-0.85,-0.32,-0.02,-1.76,-0.59,-0.25,0.11,-0.36,0.43,0.6,-0.45,-1.1,0.4,-0.88,-1,0,-2.29,-1.33,0.52,0.96,-0.79,-0.38,-1.46,-0.36,-0.57,-1.21,0.92,-1.12,0.02,0.41,-0.19,-0.64,0.35,2.19,-0.46,-0.16,-0.28,-1.05,-0.98,-0.59,-0.41,0.05,-0.5,-0.13,-0.26,3.49,0.2,1.03,0.04,-0.74,0.79,-0.11,0.18,-0.74,-0.23,-0.44,0.11,-0.23,-0.21,-0.65,0.12,-1.22,0.1,-0.13,-0.32,-0.95,0.17,-0.22,-1.79,-0.58,0.23,0.07,0.51,0.78,-0.46,-0.53,-0.33,-0.58,-1.13,-0.28,-0.32,-0.11,0.53,-0.38,0.21,0.06,0.1,0.2,0.08,-0.53,-0.03,-0.31,-1.16,-0.46,0.34,1.46,-0.29,0.18,0.18,0.09,-0.07,0.34,-0.21,0.18,-0.83,-0.12,-0.84,-0.58,-0.85,-0.26,0.52,-0.31,-1.34,0.18,0.37,-0.26,-0.29,-1.09,0,0.13,-0.49,-0.23,0.54,2.41,0.52,0.4,-0.51,-0.28,0.08,-0.94,-0.32,-0.59,0.32,0.03,-0.34,-0.51,-0.28,0.23,-0.1,-0.76,-1.25,0.36,-0.86,-0.02,-0.04,-0.68,-1.17,0.02,-0.43,-0.23,-0.42,-0.52,-1.92,0.69,-1.53,-1.42,-0.5,-0.51,-0.17,0.5,-0.48,0.05,-0.28,-0.19,-0.44,-0.74,-0.18,-0.41,0.42,0.16,0.01,-0.1,-0.65,-0.33,0.2,-0.8,0.01,0.18,-0.12,-0.58,-1.1,-0.12,-0.28,0.39,1.22,-0.32,-0.9,-0.16,0.11,0.19,-0.46,-0.4,-0.63,0.68,-0.38,0.2,0.64,0.47,0.46,-0.2,-0.4,1.25,0.17,-0.02,-0.48,-0.1,-0.49,1.26,-0.21,-0.4,0.11,-0.12,-0.42,-0.76,-0.1,0.55,-0.97,-0.96,0,-0.66,-0.11,-0.24,-0.4,0.71,-0.24,-0.63,0.3,0.11,-0.29,0.12,0.34,-1.26,1.11,-0.91,-0.93,0.68,-0.08,0.19,1.18,0.79,-0.05,0,-0.34,-0.24,0.05,-0.3,-0.19,-0.66,0.41,-0.06,0.1,-0.85,-0.74,-0.71,-0.67,-0.42,-0.53,-0.39,-0.34,0,0.02,0,-0.43,-0.1,0.02,-0.09,-0.32,-0.96,-0.61,0,0.3,0.5,-0.6,-0.07,-0.56,0.16,0,-0.99,-0.41,-0.28,0.16,0.26,-1.11,-0.12,-0.2,-1.22,0.27,0.19,-1.3,-0.45,-0.21,2.17,-1.56,-0.16,-1.44,0.38,0.53,0,0.08,1.9,-1.12,0.23,-0.71,-2.25,-1.71,-0.17,-0.43,0.23,-0.63,-0.63,-1,0.12,0.03,-1.3,0.01,-0.35,-0.27,-0.11,-0.61,-0.18,-0.11,-0.44,2.04,1.17,-0.63,-0.4,-0.76,-0.37,-0.31,-0.03,0.04,-1.24,-0.47,-0.53,-1.46,-0.58,-0.74,-1.16,4.44,0.39,-0.94,-0.16,-1.18,1.23,1.65,-0.51,-0.19,-0.27,-0.48,-0.27,-0.53,-0.33,0.06,-0.24,-0.21,0.21,-0.46,0.44,0.09,1.35,-0.01,-0.54,-1.14,0.16,0.14,0.19,-0.4,0.02,0.4,0.19,0.33,-0.49,-0.15,-0.18,-0.04,0.49,0.29,-1.73,-1.11,-0.66,0.24,0.5,-0.25,0.09,-0.96,0.01,-0.39,-0.43,-0.06,-0.13,-0.83,-0.92,0.2,-0.21,0.23,-0.22,-0.19,-0.28,0.03,0.06,0.52,-0.06,0.22,-0.77,-0.47,-1.99,-0.48,-0.04,-0.87,-0.59,-0.74,-1.16,-2.42,-0.09,-0.25,-0.41,-0.35,0.22,-0.37,-0.94,-0.18,-0.69,-1.12,-0.58,0.15,-0.35,0.2,0.3,-0.36,-0.31,-0.12,-0.08,-0.01,-0.02,-0.45,-0.02,-2.36,-0.98,-0.3,-0.39,-0.26,-1.98,0.09,0.6,0.17,0,0.07,-0.24,-0.41,-0.79,-0.68,-0.37
-0.42,0.19,-0.45,0.12,-0.86,-1.98,-2.55,-0.46,-0.54,-0.07,0.15,0.09,-0.54,-0.66,-0.47,-0.36,-0.35,-0.25,-2.71,-1.94,1.03,-0.63,-0.33,0.02,1.79,-0.86,-0.33,0.07,-0.73,1.62,0,0.03,-0.55,-1.32,0.21,0.2,0.12,0.3,0.24,1.34,1.07,-0.32,-0.29,-0.84,-0.86,-0.2,0.12,-0.74,-0.06,1.45,1.03,0.21,-0.66,-0.03,1.09,-0.13,0.42,0.06,-0.24,0.02,-0.29,-0.05,-0.05,-0.22,-0.05,0.15,0.06,0.13,-0.31,-0.7,-0.76,-0.05,-0.28,-0.05,-1.57,-2.3,-0.05,-0.05,-0.87,-0.55,-0.55,0.02,0.59,-0.53,-0.26,-0.15,-0.12,-0.08,-0.05,-0.45,-0.43,-0.56,-0.08,-0.34,-0.12,0.17,0.21,-0.67,0.06,1.03,-0.37,-1.3,0.32,-0.12,-0.21,-0.05,-0.05,-0.69,-0.02,0.07,-1.01,1,-0.76,0.69,0.42,-0.26,0.19,-0.85,-0.44,1.47,-0.34,0,-0.27,1.44,-0.92,0.28,0.19,0,-0.05,-0.11,-0.26,0.95,0.22,-0.03,-0.59,2.57,1.33,0.85,0,-0.13,0.35,0.13,-0.04,-0.26,-0.18,-0.44,-0.27,-0.48,0.36,-0.81,0.05,-0.05,-0.05,0.65,1.04,-0.31,0.02,-0.05,-0.05,-0.1,-0.4,0.06,-0.16,0.37,-0.62,-0.61,-0.05,-0.74,-0.05,-0.05,-0.65,-0.05,0.18,0.16,-0.4,-0.23,0.06,-0.05,-0.07,-0.23,-0.23,-0.05,-0.15,-0.17,-0.23,0.17,-0.27,0.22,-0.15,-0.24,-0.38,0.24,0.24,0.1,0.35,-0.65,-0.78,-0.14,-0.7,-0.42,-0.05,-0.19,-0.38,-0.36,-0.04,-0.61,0.84,-0.05,-0.05,-0.09,-0.1,-0.05,-0.05,1.11,0.19,-0.05,-0.73,-0.28,0.11,-0.54,-0.05,-0.22,0.13,0.31,-0.27,-0.2,1.07,0.28,0.61,-0.31,-0.33,0.26,-0.92,-0.05,-0.2,-0.3,-0.68,0.1,-0.47,-0.2,-0.05,-0.05,-2.32,0.72,-0.12,-1.01,-0.28,-0.53,-0.38,-0.23,-0.2,-0.3,-0.35,-0.34,-0.22,-0.48,-0.36,-0.23,0.61,0.53,0.01,-1.06,0.67,-0.27,1.5,0.01,-0.49,0.74,0.04,0.15,0.26,-0.59,-0.43,-0.14,0.84,-0.11,-0.23,-0.33,0.27,1.21,0.85,-0.57,-0.05,-0.02,-0.15,-0.61,0.07,0.15,-0.29,-0.08,-0.04,0.67,-0.09,0.24,0.56,0.07,-0.54,0.46,1.07,-0.64,0.11,-0.16,-0.32,-0.09,-0.2,0.09,-0.05,-1.35,-0.09,0.1,-0.21,-0.13,-0.36,-0.2,-0.05,-0.19,0.32,-0.17,0.02,-0.28,0.03,-0.36,0.24,-0.14,-1.34,0.02,-0.14,0.08,0.92,-0.02,-1.09,0.17,-0.07,-0.43,-0.54,-0.63,-0.21,-0.05,-0.23,-0.23,0.05,0.03,-0.3,-0.29,-0.46,-0.09,-0.41,-0.27,-0.46,-0.05,-0.16,-0.05,-0.82,-0.66,-0.48,-0.76,-0.32,1.84,-0.1,-0.46,0.33,0.2,-0.9,0.65,-0.61,0.03,-0.05,-1.19,-0.63,-0.01,0.89,-0.48,0.86,1.1,-0.11,-0.05,-0.31,-0.05,0.07,-0.18,0.38,-0.1,-0.93,-0.36,-1.64,0.05,-0.33,0.22,0.37,0.82,-1.64,0.14,0.05,-1.97,-1.35,-0.24,-0.52,0.16,-0.57,-0.49,-0.87,0.21,0.79,-0.06,-0.19,-0.72,-0.1,-0.17,-0.28,0.75,-0.2,-0.17,0.88,0.89,-0.37,-0.05,-0.05,-0.41,-0.13,0.73,0.62,-0.78,-0.06,-0.04,-0.05,-0.42,-0.28,-1.32,3.07,0.4,-1.06,-0.37,-0.05,-0.15,0.64,0.16,-0.32,-0.5,0.63,-0.25,0.27,-0.11,-0.15,-0.21,-0.34,-0.05,-0.56,0.2,-0.03,-0.05,0.18,-0.36,-0.31,-0.1,-0.16,-0.31,-0.18,-0.15,0.33,0.29,-0.03,0.01,-0.51,0.36,-0.05,0.05,-0.2,-1.81,-1.34,0.03,-0.19,1.23,-0.05,-0.21,0.18,0.2,-0.13,-0.35,-0.05,-0.33,-0.46,-1.39,-0.05,0.14,-0.17,-0.2,-0.65,-0.52,0.49,-0.54,0.15,0.92,0.22,-0.84,-0.18,-1.87,-0.57,-0.05,-0.63,0.14,-0.84,-1.38,-2.15,-0.02,-0.18,-0.54,-0.57,-0.05,-0.79,-0.54,0.71,-0.38,0.21,-0.05,0.2,-0.45,-0.14,-0.18,-0.05,1.32,-0.77,0.43,0.13,-0.11,-0.05,0.12,-0.05,-0.38,-0.42,-0.6,-0.69,-0.61,-0.68,0.34,0.16,1.22,0.38,-0.4,-0.57,-0.25,-0.19,-0.48
0.29,0.47,0.75,-0.06,-0.22,-1.64,-1.09,0.41,-0.45,-0.09,0.3,0.41,0.15,0.3,0.68,0.51,0.25,0.05,-1.46,-1.33,1.22,-0.63,0.41,1.08,0.38,1.21,-0.43,0.44,-0.32,-1.29,0.42,0.65,-0.43,-0.49,0.1,1.31,0.12,-0.43,0.32,1.69,1.3,0.21,0.57,-0.15,-0.33,0.57,0.27,1.34,0.67,0.69,0.48,0.12,-0.09,0.15,-0.31,0.19,0.37,0.68,-0.74,0.64,0.42,0.03,0.17,-0.07,-1.27,-0.59,0.38,0.5,-0.14,-0.33,-0.7,-0.11,-0.22,0.24,-1.35,-1.41,0.03,-0.05,-0.08,0.03,0.41,-0.17,0.63,-0.29,0.05,-0.08,0.23,-0.03,-0.25,0.23,0.27,0.03,0.34,0.18,0.8,0.5,0.74,-0.48,0.4,0.88,0.4,-0.18,0.34,1.08,1.02,0.03,0.77,-0.48,0.14,-0.03,-0.6,-0.3,1.08,0.22,1.03,1.36,-0.12,-1.04,-0.01,1.8,0.04,0.48,0.18,0.13,-0.58,0.24,0.41,1.09,0.99,0.72,0.55,0.62,0.48,0.34,0.09,1.71,1.25,0.63,0.19,-0.05,-0.36,0.41,0.14,-0.06,0.12,0.08,0.07,-0.46,0.35,0.24,-0.68,0.06,-0.12,-0.56,0.29,0.09,-0.03,-0.15,2.13,-0.45,0.28,0.09,0.11,-0.09,0.71,0.76,0.17,-0.35,-0.48,0.18,0.87,-0.18,-0.09,0.28,-0.14,-0.28,-0.23,0.24,0.38,0.98,0.25,-0.15,1.02,0.71,-0.03,-0.15,0.03,-0.17,-0.24,0.1,-0.12,0.55,-0.1,0.38,-0.25,-0.43,1.16,-1.04,0.81,-0.04,-0.36,0.64,0.03,-0.38,0.15,-0.37,0.09,0.82,0.03,0.17,-0.79,-0.66,0.2,-0.04,0.64,-0.09,-0.46,0.1,0.06,0.03,0.65,-0.24,0.4,-0.14,0.75,-0.48,0,0.41,0.67,0.2,0.11,-0.08,-0.62,0.54,-0.43,0.91,-0.68,-0.17,-0.18,-0.4,-0.31,-0.18,-0.87,0.88,0.55,0.25,-0.2,0.91,0.21,0.36,0.22,0.01,0.82,0.37,-0.18,-1.1,-0.19,0.23,0.24,0.03,0.17,-0.67,0.37,0.24,0.25,0.86,0.03,0.43,0.49,0.39,0.24,-0.32,-0.02,0.28,0.8,0.36,0.51,-0.38,0.55,0.66,-0.03,0.28,0.01,0.13,-0.38,0.13,0.14,0.69,1.06,0.02,-0.16,0.64,0.01,-0.21,1.36,-0.76,-0.07,0.51,0.2,0.32,-0.08,0.24,0.59,0.68,0.15,-0.09,0.37,-0.87,-0.15,-0.57,-0.07,-0.04,-0.6,-0.39,-0.42,0.91,0.37,0.2,0.41,0.19,-0.14,-0.78,-0.95,-0.24,-1.37,-0.05,0.08,-0.05,0.5,0.06,-0.97,0.58,0.41,-0.01,-0.35,-0.17,-0.32,0.41,-1.44,-0.57,0.58,0.84,1.41,1.25,1.12,1.01,1.07,-0.07,0.64,0.03,0.22,0.03,-0.09,0.26,0.16,0.02,-0.22,1.05,0.21,0.04,0.48,0,-0.57,0.03,-0.41,-0.24,0.03,-1.33,-0.19,-0.36,1.17,-0.65,0.57,-0.19,0.28,0.28,-0.28,-0.18,0.98,-0.45,0.47,-0.84,1.29,-0.23,-1.32,0.29,-0.66,-0.12,0.32,0.95,-0.41,0.1,-0.12,-1.74,-1.46,0.09,-0.49,-0.01,-0.43,-1.14,0.4,-0.96,1.1,0.6,0.42,0.4,0.36,0.02,-0.18,0.09,-0.32,0.15,-0.03,1.09,-0.46,-0.03,0.18,0.8,0.04,-0.05,0.44,0.31,0.42,0.6,-1.14,-0.14,1.01,0.03,1.8,-0.47,-1.35,0.98,-0.94,-0.1,1.06,-0.35,-0.37,0.09,0.91,-0.11,-0.69,0.06,0,-0.15,-0.15,0.06,-0.53,0.26,-0.11,0.03,0.39,-0.18,0.57,0.32,-0.12,0.32,0.15,0.18,0.22,0.07,-0.3,0.39,-0.71,0.17,-0.38,-0.3,0.03,-0.29,-0.55,-0.89,-0.42,0.41,0.32,-0.15,-1.09,0.55,-0.02,0.12,-0.24,-0.18,-0.43,-0.95,0.5,0.83,0.19,0.03,-0.25,-0.64,0.24,0.71,0.33,1.63,0.12,-0.08,-0.21,-0.32,-0.51,0.03,-1.31,1.13,-0.56,-1.65,0.66,0.14,0.12,0.49,1.05,-0.11,0.48,-0.78,-0.08,-0.01,1.03,-0.25,0.68,0.93,-0.16,-0.02,0.6,0.18,-0.25,0,0.09,0.16,-0.65,-0.04,-1.96,0.92,0.16,0.8,0.01,-0.08,-0.71,-0.05,0.17,1.81,0,0.97,1.15,1.18,1.23,0.97
-0.14,-1.03,0.37,-0.76,-0.38,-0.21,-0.55,0.16,-0.23,0,0.05,-0.11,-0.56,0.19,0.72,1.09,0.86,0.09,-0.16,0.01,0.31,-0.77,0.67,0.74,0.06,1.62,-0.74,-1.25,-0.42,-0.85,0.28,-0.02,-0.45,-0.19,0.13,0.92,-0.35,-0.12,-0.36,1.07,0.83,-0.14,1.14,-0.1,-0.56,0.69,0.04,1.5,0.92,-0.26,-0.4,-0.06,0.07,0.32,-0.57,-0.13,-0.18,0.55,-0.44,-0.03,0.46,0.41,-0.28,-0.24,-1.96,-1.46,0.33,0.28,0.44,-0.88,-0.65,-0.01,-0.02,-0.07,0.04,-0.27,-0.01,-0.31,0.1,-0.01,0.45,0.26,0.34,-0.24,-0.01,0.11,0.9,0.37,-0.08,-0.01,0.08,0.25,-0.25,1.07,0.88,0.11,0.5,0.05,0.64,0.79,0.16,-0.25,0.23,0.76,0.86,-0.01,1.6,0.15,-0.11,-0.25,-0.25,-0.16,1.5,-0.55,1.35,1.37,-1.24,-0.44,0.41,0.81,0.02,0.4,-0.24,-0.63,-0.19,0.31,0.56,0.87,0.8,0.92,0.93,0.22,0.67,-0.09,0.04,0.46,1.02,-0.45,0.12,0.28,-0.02,0.6,0.21,0.34,0.02,0.35,0.02,-0.14,-0.03,0.26,-0.51,0.01,-0.45,-0.95,-0.47,0.12,-0.67,-0.11,1.75,-0.05,-0.23,-0.06,-0.32,0.07,1.06,0.8,0.41,-0.64,-0.57,0.07,1.1,-0.09,-0.41,0.19,-0.2,-0.38,0.12,0.23,0.07,1.06,-0.54,-0.46,0.77,0.73,-0.48,-0.18,0.13,-0.17,-0.07,-0.01,-0.02,0.65,0.31,-0.15,0.26,-0.43,-0.05,-0.42,0.7,-0.26,-0.27,0.32,0.73,-0.12,-0.2,-0.48,0.32,1.05,-0.01,0.1,-0.12,-0.86,0.26,-0.37,-0.13,-0.18,-0.67,0.34,-0.01,1.23,1.27,0.07,-0.18,-0.03,0.57,-0.18,-0.03,0.35,1.02,0.77,0.71,-0.12,-0.53,0.28,-0.76,0.89,0.03,-0.15,0.26,0.2,0.11,-0.08,-0.32,0.32,-0.01,-0.3,-0.01,0.65,0.17,-0.19,0.54,-0.34,0.58,0.37,0.2,-0.83,-0.18,0.08,0.4,0.3,-0.14,-0.82,0.45,0.18,0.04,0.84,-0.31,0.42,0.94,0.96,-0.26,-0.43,0.38,0.13,0.15,0.55,1.01,-0.36,0.48,-0.05,-0.46,0.44,-0.01,-0.29,-0.08,-0.85,-0.46,1.36,0.98,-0.26,-0.28,0.3,-0.19,-0.64,0.65,-0.15,0.48,-0.01,-0.01,0.39,-0.78,-0.18,0.54,0.7,-0.43,-0.18,0.64,-0.56,-0.1,-0.21,-0.23,0.09,-0.5,-0.37,-0.17,0.75,0.41,0.23,0.07,0.27,-0.58,-0.47,-0.81,0.59,-0.77,-0.39,-0.32,-0.73,-0.17,-0.13,-0.62,0.01,0.47,0.35,0.2,0.02,0.09,0.89,-1.9,0.05,0.51,0.94,0.89,0.85,1.1,0.26,0.72,0.45,0.48,-0.01,-0.04,-0.01,-0.45,0.5,0.54,-0.25,-0.12,0.45,0.38,0.03,0.15,-0.31,-1.28,-0.36,-0.46,-0.24,-0.01,-1.59,-0.17,-0.16,0.7,-0.3,-0.01,-0.75,0.44,0.19,-0.5,-0.24,1.12,-0.29,0.15,-0.7,-0.01,-0.15,-0.84,0.3,-1.04,-0.04,0.04,0.66,-0.1,-0.15,0.64,0.26,0.11,-0.3,-0.01,-0.02,-1.17,-1.81,0.71,-1.11,0.88,0.5,0.38,0.34,0.12,-0.19,-0.07,-0.12,-0.26,0.46,-0.6,1.16,-0.35,0.56,0.57,0.91,0.5,-1.78,0.13,1.46,0.39,0.51,-0.01,1.2,0.87,0.4,-0.63,-0.04,-1.71,0.32,-0.61,-0.37,0.07,0.2,-0.31,0.33,0.56,-0.21,-0.77,0.12,0.19,-0.08,-0.25,-0.27,-1.05,-0.15,-0.33,0.34,-0.35,-0.01,1.08,0.43,-0.12,-0.12,0.5,0.31,0.11,0.48,-0.01,0.59,-0.74,0.64,-0.22,-0.73,0.21,0.29,0.32,-0.49,-0.28,-0.44,-0.01,0.11,-0.52,0.76,0.25,0.8,-0.01,-0.04,-0.01,-1.67,-0.27,0.4,-0.07,-0.47,0.01,-0.67,-0.34,0.58,-0.11,1.01,-0.01,0.08,-0.1,0.57,-0.24,-0.42,-0.98,1.2,-0.69,-0.01,1.98,-0.32,0.73,0.38,0.86,0.04,0.44,-0.74,0.03,-0.04,0.52,-0.35,-0.14,0.61,-0.12,-0.2,0.63,0.01,-0.54,0,0.64,0.51,-0.38,-0.26,-2.29,0.97,-0.07,1.28,0.01,-0.93,-1.86,-0.46,0.38,1.38,-0.08,0.62,0.69,0.84,0.84,0.52
-0.19,-0.63,0.27,-0.7,-0.65,1.21,0.98,0.58,-0.14,0.02,0.07,-0.03,0.05,0.24,-0.12,-0.21,-0.21,0.52,1.51,1.51,0.16,-0.49,0.42,-0.1,-0.11,1.12,-0.88,0.07,0.08,-1.48,0.51,0.11,0.02,0.48,-0.01,0.26,0.3,-0.55,-0.12,0.47,0.35,0.22,0.13,0.13,-0.23,0.21,0.07,0.63,0.09,-0.37,-0.04,0.17,0.57,0.02,-0.33,-0.1,-0.09,0.28,-0.67,0.02,0.3,0.21,-0.02,-0.13,-1.49,-0.5,0.01,0.11,0.47,-0.19,-0.14,0,-0.34,-0.45,1.3,1.4,0.03,-0.01,0.46,0.03,0.18,-0.35,0.28,-0.09,0.03,-0.12,0.75,0.26,-0.23,-0.31,0.44,0.03,0.03,0.37,0.22,-1.11,-0.29,0.41,0.69,0.31,0.31,-0.16,0.18,-0.12,-0.47,0.03,0.53,0.2,0.07,0.11,0.27,-0.51,0.74,-1.01,0.64,0.54,-0.29,-0.48,0.25,0.03,0,0.21,-0.11,0.03,0.22,-0.13,0.24,-0.27,-0.19,-0.21,0.03,-0.12,-0.04,0.13,0.61,-1.22,0.16,-0.86,-0.08,-0.03,-0.58,0.23,0.15,0.26,-0.31,0.26,0.11,0.34,0.02,0.11,-0.59,-0.62,-0.88,-0.02,-0.34,-0.2,-0.85,0.38,0.23,0.04,0.16,0.35,-0.28,0.03,0.63,0.53,0.24,-0.38,-0.75,0.23,1.17,-0.05,-0.56,0.16,0.02,0.08,0.12,0.55,0.28,0.14,-0.39,-0.03,-0.15,0.1,0.17,-0.09,0.34,0.05,0.21,0.1,0.15,0.13,0.11,-0.26,0.14,0.24,0.1,-0.18,0.58,-0.15,-0.52,0.19,0.34,0.03,-0.1,0,0.05,0.9,0.03,0.1,-0.67,-0.44,-0.25,-0.39,0.19,0.03,0.57,0.42,0.21,0.75,0.47,-0.08,-0.05,-0.35,0.3,0.08,-0.43,0.15,-0.01,0.21,0.18,-0.51,-0.14,0.04,-0.58,0.99,0.33,0.06,0.41,0.12,-0.03,-0.06,0.44,-0.73,-0.58,0.2,-0.08,0.06,0.39,0.28,0.13,-0.19,0.19,0.41,0.42,-0.51,-0.07,0.39,0.04,0.23,-0.04,0.03,0.24,0.3,-0.2,0.51,0.77,-0.29,0.9,0.7,0.03,0.18,0.8,0.19,-0.16,0.15,0.52,-0.98,0.24,-0.85,-1.7,0.71,0.03,-0.29,0.11,-0.99,0.2,0.74,0.9,-0.14,0.25,0.39,0.1,0.12,-0.14,-0.21,0.31,0.03,0.03,0.27,-0.16,0.05,0.38,-0.1,-0.29,0.18,0.12,0.39,0.06,-0.45,-0.17,-0.16,-0.57,-0.2,-0.4,0.49,-0.09,0.41,0.45,0.46,-0.29,-1.04,-0.74,0,-0.29,0.02,0.14,-0.11,-1.17,0.2,0.35,0.04,0.58,0.62,-0.04,0.72,0.21,-0.48,-1.09,0,0.22,-0.25,-0.06,-0.02,0.16,0.27,0.23,0.25,0.12,0.03,0.41,0.03,-0.19,0.54,0.54,0.21,-0.03,-0.27,0.07,0.37,0.22,0.08,-0.1,-0.14,0.12,0.14,0.03,-0.74,0.03,-0.07,0.16,-0.11,-0.43,0.07,0.5,0.27,0.2,0.02,0.13,-0.31,-0.25,-0.04,0.94,-0.25,0.62,0.2,-0.8,-0.44,0.11,0.86,0.44,-0.03,-0.02,1.26,0.94,0.29,-0.13,-0.09,-0.69,-0.91,0.54,-0.6,0.35,0.21,0.38,0.67,0.31,0.07,-0.21,-0.1,0.28,0.13,-0.36,0.53,0.32,-0.01,0.29,0.25,0.25,0.03,0.18,1.11,0.2,0.2,-1.29,0.25,0.38,0.52,-0.71,-0.44,-1.35,0.01,0.12,0.06,0.29,0.3,-0.25,0.26,0.27,0.07,-0.72,0.37,-0.15,-0.03,-0.08,-0.14,-0.63,-0.14,0.26,-0.3,-0.61,0.17,1.17,0.35,-0.21,0.08,0.26,0.48,-0.04,-0.28,-0.15,0.03,-0.36,0.36,0.2,-0.25,0.19,1.05,0.72,-0.53,-0.11,0.05,-0.37,-0.02,-0.92,0.1,0.03,0.52,0.18,-0.04,0.2,-0.23,0.26,-0.15,0.11,0.36,0.67,-0.33,0.32,0.54,0.29,0.32,0.12,0.05,-0.14,0.92,0.14,0.04,-0.75,0.63,-0.22,-0.55,1.55,0.05,0.23,0.01,0.38,0.04,0.34,-1.13,0.44,0.46,0.42,0.1,-0.11,0.06,0.03,0.14,0.28,-0.82,0.35,-0.32,0.06,0.22,0.12,0.04,-1.36,0.26,0.15,0.67,0.1,-0.61,-1.07,0.1,0.47,0.68,0.03,0.6,0.61,0.19,0.14,0.18
-0.52,-0.68,-0.28,-0.79,-0.79,0.69,1.14,-0.07,0.39,-0.46,-0.02,-0.48,-0.07,0.24,-0.64,0.33,-0.47,0.13,1.65,0.91,-0.49,-0.11,0.13,-0.23,-0.16,0.16,-1.2,-0.21,0.08,-0.89,0.03,-0.28,0.21,0.13,-0.35,-0.36,-0.21,-0.19,-0.51,-0.35,-0.46,0.03,0.07,0.15,-0.61,0.1,0.23,0.29,0.41,-0.29,-0.3,-0.18,0.3,0.09,-0.54,-0.34,-0.43,-0.37,-0.01,0.13,0.1,0.01,-0.55,0.17,-1.85,-1.38,-0.4,-0.32,-0.07,0.05,-0.1,0.02,-0.13,-0.43,1.15,1.18,0.01,-0.29,0.61,0.35,-0.66,0.23,-0.44,0.08,-0.12,0.27,0.49,0.14,0.09,0.6,-0.1,0.01,0.16,0.32,-0.56,-0.41,-0.47,0.23,0.47,-0.1,0.14,-0.31,0.19,0.02,0.1,0.01,0.55,0.63,-0.5,0.23,0.75,0.35,0.47,0.58,0.42,0.18,-0.74,-0.11,0.05,-0.31,-0.15,0.3,0.08,-1.06,0.1,0.24,0.14,0.02,-0.12,-0.01,-0.37,-0.12,-0.14,0.28,0.21,-0.9,-0.07,-2.06,0.09,0.02,0.12,0.31,0.06,0.52,-0.09,0.17,0.11,0.13,0.09,-0.04,0.35,0.18,-0.57,0.45,-0.12,-0.4,-0.55,0.12,0.15,0.41,-0.25,-0.18,-0.45,0.25,0.15,0.31,0.32,-0.11,0.14,-0.06,0.44,0.01,-0.67,-0.09,-0.17,-0.03,-0.01,0.39,0.05,-0.44,-0.37,-0.23,-0.07,-0.22,0.09,0.1,0.27,-0.07,0.33,-0.14,0.03,-0.04,0.16,-0.4,0.3,0.09,0.22,0.63,-0.05,-0.4,-0.22,-0.11,0.75,-0.07,-0.25,-0.29,-0.08,0.01,0.01,0.22,0.14,-0.25,0.16,-0.39,-0.18,0.39,0.76,0.34,-0.18,0.32,0.24,0.67,-0.13,0.33,-0.38,0.22,0.63,-0.07,0.21,0.3,0.42,-0.43,0.01,0.05,-0.2,0.94,0.5,0.22,0.32,0.27,0.36,0.31,0.19,-1.55,-0.22,-0.48,-0.02,-0.36,0.23,-0.06,0.38,0.23,0.02,-0.12,0.39,0.09,0.13,0.3,0.38,-0.3,0.3,-0.08,0.06,-0.12,-0.18,0.14,0.54,0.24,0.51,0.87,0.7,-0.41,-0.02,-0.03,-0.58,0.12,0.18,0.18,-0.22,-1.71,-1.18,0.23,-0.16,-0.54,0.45,-1.14,-0.84,0.4,0.26,-0.22,-0.1,-0.3,-0.19,0.14,0.04,-0.19,0.06,-0.04,0.23,0.62,0.25,0.34,-0.06,-0.04,-0.1,0.07,-0.3,0.29,-0.43,-0.42,-0.19,0.01,0.06,0.06,0.02,0.08,0.38,0.28,0.15,0.09,-0.2,0.03,-0.39,0.2,0.15,-0.12,-0.12,-0.21,-1.43,0.25,0.42,0.09,0.12,0.15,-0.32,0.19,0.34,0.34,-0.77,0.58,0.14,-0.15,-0.24,-0.2,-0.22,-0.42,-0.25,0.29,0.41,0.01,0,0.01,0.03,-0.01,-0.03,-0.25,0.17,-0.42,0.05,-0.02,-0.2,-0.08,-0.22,0.01,-0.04,0.31,0.01,0.05,0.19,0.53,0.05,0.14,0.84,-0.06,0.06,0.17,-0.07,0.19,0.19,0.34,-0.2,0.29,0.48,0.11,0.69,0.06,-0.56,0.15,0.17,-0.01,0.36,0.04,0.43,1.4,1.36,-0.01,-0.26,-0.02,-0.6,-0.75,0.38,-0.73,0.29,-0.23,0.1,0.23,-0.19,-0.1,0.46,-0.04,0.3,0.28,-0.68,0.53,0.04,0.17,0.26,-0.03,-0.13,0.43,-0.07,0.62,-0.04,-0.01,-1.66,0.04,0.06,0.92,-1.24,0.38,-1.35,-0.35,0.9,0.19,0,0.15,0.28,0.48,-0.13,0.32,0.03,0.15,0.22,0.01,0.2,-0.43,-0.71,-0.26,-0.2,0.27,-0.4,0.5,0.57,0.32,0.37,0.06,0.2,-0.3,0.02,-0.4,0.02,0.09,0.1,0.45,-0.1,-0.04,-0.03,0.56,0.47,-0.31,-0.17,-0.44,0.18,-0.31,0.2,-0.15,0.27,0.35,-0.31,-0.08,0.2,-1.56,0.18,-0.13,0.1,0.49,0.45,-0.31,-0.15,0.82,-0.44,-0.15,-0.17,0.29,0.24,0.99,-0.1,0.17,-0.07,-0.04,0.41,-0.85,0.78,-0.05,0.07,0.33,0.59,-0.04,0.39,-0.68,0.08,0.37,-0.32,0.09,0.2,-0.24,-0.1,0.23,-0.05,-1.01,0.37,0.07,0.34,0.39,0.58,0.22,0.4,-0.09,0.44,0.04,0.48,-0.88,-0.71,-0.34,-0.07,-0.13,0.1,-0.11,0,-0.11,-0.44,-0.11
0.04,0.1,-0.16,-0.2,0.02,0.85,0.9,0.45,0.15,-0.11,0.33,-0.3,0.31,0.03,-0.51,-0.97,-0.49,-0.08,0.68,0.69,-1.02,0.11,-0.06,-0.64,-0.14,-0.44,-0.18,0.01,-0.05,-1.77,0.17,-0.22,0.41,0.79,0.02,-0.26,0.08,-0.51,0.49,-0.38,-0.13,0.37,-0.31,0.37,0.43,-0.66,0.09,-0.55,-0.3,0.09,0.05,-0.06,0.53,-0.36,-0.29,0.3,0.07,0.1,-0.95,-0.08,-0.63,0.23,-0.04,0.63,0.07,-0.46,-0.64,-0.18,0.05,0.02,0.44,0.21,-0.41,-0.56,0.94,1.11,0.07,0.57,0.33,0.47,-1.02,-0.37,-0.08,0.33,0.14,-0.43,0.27,-0.03,0.15,0.5,-0.43,0.4,0.18,-0.5,-0.5,-1.14,-0.34,0.61,0.4,0.06,0.34,0.29,0.18,-1.03,-0.7,0.07,-0.38,0.39,0.4,-0.23,0.53,0.22,-0.7,0.66,-0.4,-0.85,-0.69,-0.18,0.12,-0.18,0,-0.36,0.02,-0.93,0.69,-0.34,-0.11,-0.78,-0.77,-0.64,-0.33,-0.25,-0.31,0.79,0.46,-1.39,-0.88,-1.39,-0.05,0.16,-0.17,0.19,-0.27,0.37,-0.48,-0.46,0.15,0.56,0.04,-0.01,0.01,-1.05,-1.34,1.03,-0.12,-0.75,-0.55,0.36,-0.66,0.14,0.21,0.23,0.12,0.02,-0.04,-0.05,-0.13,0.57,0.18,-0.13,0.37,-0.13,-0.67,-0.05,0.36,0.05,-0.21,0.78,0.35,-0.44,-0.33,-0.37,-0.8,-0.46,0.31,0.23,0.48,-0.19,0.37,0.17,0.45,0.07,-0.04,-0.33,-0.35,0.54,0.41,0.5,-0.3,-0.11,-0.13,0.27,0.16,0.41,0.31,0.59,-0.25,-0.21,0.07,-0.03,-0.04,0.59,-0.23,0.03,-0.06,-0.4,0.57,0.13,0.36,-0.35,-0.3,0.13,-0.13,-0.19,-0.16,0.38,0.41,-0.02,-0.38,-0.28,-0.27,-0.34,0.73,0.5,-0.53,0.61,0.13,0.27,0.6,0.23,0.18,0.38,1.13,-1.37,0.16,0.26,-0.63,-0.16,0.61,0.15,-0.2,0.78,-0.51,0.08,0.44,0.63,0.47,0.52,-0.13,-0.32,1.17,0.92,0.09,-0.44,-0.31,-0.4,0.44,0.06,0.57,0.22,1.6,0.6,0.17,0.03,-0.28,-0.37,-0.33,0.39,0.24,-1.51,-2.24,-0.03,0.03,-0.41,0.16,-1.5,-0.88,-0.39,-0.23,0.23,0.35,0.41,0.56,0.76,-0.58,0.12,0.18,0.05,-0.16,0.68,1.34,0.55,-0.73,-0.29,0.49,0.18,-0.86,1.1,0.31,-0.77,0.22,0.07,0.26,0.21,0.16,-0.29,-0.36,0.15,0.44,0.22,0.94,0.5,-0.42,-0.13,0.37,0.62,0.28,-0.09,-1.58,-0.15,0.95,0.47,0.45,0.38,-0.11,0.64,0.16,0.08,-0.12,0.49,-0.04,-0.49,-0.61,-0.41,-0.28,-0.14,-0.26,0.51,-0.29,0.07,0,0.07,1.19,0.17,0.14,0.36,0.11,-0.63,-0.1,0.36,0.3,0.19,0.52,0.03,0.65,0.66,0.07,1.01,0.81,0.49,-0.23,0.43,0.49,0.45,0,0.46,0.37,0.36,-0.58,0.29,0.08,0.26,0.07,0.44,1.48,0.29,-0.2,-0.09,0.17,0.11,0.44,0.46,-0.31,0.95,0.73,0.69,-0.04,0.13,0.26,0.36,0.31,-0.91,-0.21,-0.91,0.21,0.46,0.14,0.26,0.01,-0.43,0.09,-0.03,-0.53,0.71,0.36,-0.15,0.03,-0.2,-0.2,0.75,0.09,0.07,0.01,-0.01,-1.88,-0.2,-0.52,0.41,-0.82,0.21,-1.71,0.15,0.75,0.13,-0.22,-0.01,0.76,0.19,0.05,0.36,0.24,0.51,0.04,0.54,0.22,-0.04,0.22,-0.04,0.09,0.25,-0.92,0.41,0.31,0.13,0.37,-0.02,-0.01,0,0.05,-0.06,0.18,0.06,0.45,-0.02,0.43,-0.04,0.08,0.88,0.9,-0.31,0.33,-0.36,0.19,0.09,0.22,-0.11,0.34,0.34,-0.02,0.13,0.4,0.51,0.08,-0.23,0.17,0.07,0.78,0.45,0.08,0.03,0.11,-0.19,0.15,0.92,0.53,0.86,0.58,0.3,0.58,-0.42,0.54,-0.91,0.14,0.1,0.17,0.1,0.12,0.01,0.06,0.36,0.75,0.08,-0.02,0.36,0.98,-0.22,0.2,0.08,-0.04,-0.53,0.54,0.2,0.35,0.22,0.2,0.28,1.09,-0.18,0.3,-0.29,-0.01,0.66,0.55,-0.09,0.04,-0.23,0.26,-0.04,-0.22,-0.42,-0.44,-0.2
0.04,-0.02,-0.13,-0.06,0.6,0.43,0.43,0.04,0.15,-0.14,0.26,-0.25,0.15,0,-0.44,-0.31,-0.44,-0.39,0.41,0.11,-1.08,0.18,-0.1,-0.64,-0.16,-0.93,0.3,-0.02,0.59,0,-0.18,-0.06,0.41,-0.01,-0.21,-0.94,-0.07,-0.22,0.01,-0.96,-0.91,-0.01,0.17,0.45,0.36,-0.44,0.34,-0.65,-0.21,0.03,0.29,-0.29,-0.18,-0.09,-0.45,-0.13,-0.09,-0.57,-0.39,-0.12,-0.09,0.09,0,0.23,0.53,-1.17,-0.05,-0.47,-0.49,0.68,0.22,0.14,-0.13,-0.14,-0.08,0.08,0,0,-0.16,0.71,-0.98,0.06,-0.71,0.15,-0.43,0.16,-0.55,0.08,-0.01,0.37,-0.05,0.07,-0.1,-0.25,-0.48,0,-0.29,0.17,-0.06,-0.15,-0.17,0.33,-0.02,-0.29,-0.38,0,-0.54,0.44,0.26,0.11,0.47,0.6,-0.68,0.74,-0.9,-0.82,-1.08,0.06,-0.05,-0.45,-0.13,-0.05,0.12,-0.77,0.2,-0.16,-0.11,-0.39,-0.33,-0.53,-0.6,0,-0.25,0.22,-0.17,-1.15,-0.59,-1.29,0.16,0.14,0.31,0.16,0.24,0.03,0.15,-0.13,0.11,-0.01,-0.24,-0.43,0.14,-1.16,2.22,-0.12,-0.12,-0.37,0.52,-0.08,-0.77,0.14,-0.23,0.04,-0.1,0.34,-0.49,-0.45,0.03,0.47,0.38,0.09,-0.93,0.04,-0.63,-0.29,0.24,0,-0.01,0.41,-0.05,-0.77,-0.14,0.25,-0.62,-0.62,0.01,-0.09,0.19,-0.08,-0.13,-0.15,0.18,-0.32,-0.43,0,-0.12,0.23,0.3,0.38,-0.47,0.21,0.27,-0.23,0.15,0.24,-0.06,-0.08,-0.29,-0.55,0,0.14,0.24,0.28,-0.23,-0.18,-0.15,0.17,0.18,-0.33,-0.04,-0.69,-0.52,0.13,0.02,-0.07,-0.54,0.22,0,-0.33,-0.24,0,0.02,-0.12,0.79,0,-0.83,0.1,0.1,0.35,0.03,0.23,0.01,0.46,0.64,-1.25,-0.09,-0.37,-0.4,-0.77,0.05,-0.23,-0.09,0.66,-0.22,-0.07,-0.05,0.62,0.24,0.1,-0.45,-0.47,0.66,-0.01,-0.08,0.19,-0.24,-0.64,-0.1,0,-0.29,-0.19,0.72,-0.03,-0.16,-0.44,-0.17,-0.46,-0.56,0.18,-0.29,-1.51,-1.53,-0.42,0,-0.71,0.34,-1.14,-0.39,-0.86,-1.28,0.24,0.34,-0.1,0.14,0.09,-0.56,0.12,-0.18,-0.43,-0.03,-0.11,0.25,0.35,-0.09,-0.53,0.2,0.52,-0.86,0.22,0.26,-0.53,0.08,-0.04,0.44,0.03,-0.07,-0.33,-0.1,-0.12,0.45,-0.09,0.44,0.77,-0.88,-0.28,0.4,0.04,0.07,0.05,-2.17,0.2,-0.36,0.68,-0.16,-0.59,-0.19,-0.21,-0.25,-0.15,-0.01,0.23,-0.01,-0.51,-0.44,-0.49,-0.48,-0.72,-0.64,-0.15,-0.12,0,0.16,0,1.1,-0.44,-0.29,0.38,0.22,-0.82,-0.42,-0.11,-0.49,-0.12,0.77,-0.39,0.27,0.25,0,0.83,0.53,0.21,-0.86,0.14,-0.72,-0.08,-0.1,0.02,0.11,0.11,-0.63,0.47,0.09,-0.08,-0.54,0.35,0.63,-0.01,-0.18,0.16,0.2,-0.92,0.15,0.09,-0.73,0.22,-0.06,-0.03,-0.52,0.21,0.47,1.06,-0.29,-0.64,-0.14,-0.57,-0.26,0.04,-0.34,-0.01,0.28,-0.41,0.19,-0.25,-1.26,-0.07,0.04,-0.08,-0.13,-0.33,0,0.14,-0.33,-0.23,-0.06,-0.29,-1.46,0.01,-0.55,0.23,-1.35,0.21,-1.2,-0.53,0.38,0.12,-0.24,-0.59,0.69,-0.19,-0.38,0.51,0.53,0.1,0.11,-0.02,-0.1,0,-0.01,-0.14,-0.03,-0.01,-0.37,0.31,-0.74,0.12,0.27,0.3,-0.05,-0.05,-0.43,-0.15,0.34,-0.42,0.36,-0.07,0.25,0.12,0.1,-0.23,-0.2,-0.7,0.07,-0.21,0.19,0.2,0.73,-0.31,0,-0.21,0,-0.06,0.25,-0.1,-0.1,-0.4,0.32,0.2,0.1,0.33,0.01,-0.71,-0.12,-0.01,-0.13,0.47,0.6,0.32,0.06,0.11,0.82,-0.61,0.6,-0.85,-0.94,0.1,-0.46,0.07,-0.58,-0.03,0.02,0.56,-0.05,0.39,0.27,0.07,0,-0.62,-0.08,-0.07,-0.42,-0.5,0,-0.08,-0.1,-0.14,-0.16,-0.02,1.54,-0.4,0.3,-0.62,0.11,0.52,0.57,0,0,-0.41,0.09,-0.7,-0.5,-0.56,-0.75,-0.53
0.37,0.53,-0.56,0.82,1.38,-0.32,-0.41,0.07,0.02,-0.02,-0.41,-0.01,0.4,-0.21,-0.34,-0.47,-0.35,-0.11,-0.31,-0.4,-0.8,0.2,-0.84,-1.21,-0.63,-1.23,1.64,0.01,-0.17,-2.13,-0.58,-0.2,0.17,0.3,0.01,-0.7,-0.19,-1.06,0.26,-0.68,-0.52,0.13,-0.88,0.27,0.88,-0.4,0.18,-0.76,-0.45,-0.05,0.14,-0.23,-0.07,0.37,-0.23,0.3,0.08,-0.22,-0.44,0.02,-0.31,-0.49,0.4,0.23,1.61,-0.72,0.5,-0.14,-0.05,0.75,0.42,-0.01,0.36,0.63,-0.13,-0.18,0.05,0.43,-0.11,-0.06,-0.4,0.27,-0.34,0.2,-0.14,0.2,-0.39,-0.27,-0.08,0.05,0.25,-0.13,0.24,-0.48,0.32,0.2,-0.04,0.05,-0.28,-0.36,-0.29,0.75,0.02,-0.11,-0.35,0.05,-1.08,0.09,-0.13,-0.09,0.17,0.32,-1.03,0.27,-0.73,-0.75,-1.63,0.19,-0.18,-0.25,-0.23,0.03,0.17,-0.13,0.34,0.2,-0.15,-0.37,-0.28,-0.22,-0.35,-0.55,-0.1,0.15,0.05,-0.92,-0.5,-0.76,0.02,-0.27,0.1,-0.55,-0.04,-0.15,0.35,-0.05,0.02,0.06,0.11,-0.4,0.81,-0.84,-1.09,-0.12,0.38,-0.24,1.04,-0.05,-0.73,0.04,0.12,0.35,0.31,0.25,-0.57,-0.51,0.09,0.54,0.58,-0.12,-1.45,0.24,-0.23,-0.45,0.17,0.34,0.27,0.82,0.31,-0.18,0.78,0.17,-0.23,-0.17,0.01,0.07,-0.42,-0.1,-0.02,-0.17,0.07,-0.38,-0.17,-0.2,-0.17,0.27,0.16,0.36,-0.24,0.64,0.69,-0.4,-0.22,0.05,0.17,0.44,-0.11,-0.68,0.05,0.14,0.23,0.71,-0.06,-0.39,0.13,0.26,0.27,-0.24,0.04,-0.6,-0.75,-0.08,0.01,0.1,-0.28,0.16,-0.2,-0.11,-0.42,-0.26,-0.43,0.35,1.17,0.52,-0.76,0.5,-0.05,0.03,0,0.34,0.11,0.23,0.79,0.03,-0.16,0.09,-0.42,-0.16,-0.12,0.06,-0.34,0.71,-0.4,-0.07,-0.18,0.75,0.33,0.34,-0.19,-0.07,0.27,0.54,-0.01,-0.39,-0.4,-0.8,0.08,-0.06,-0.45,-0.48,-0.15,0.16,-0.58,-0.59,-0.1,-0.23,-0.64,0.52,-0.02,-0.61,-1,-0.28,0.05,-0.47,0.31,0.11,0.19,-1.21,-1.44,0.27,0.07,0.42,0.16,0.12,-0.75,0.29,-0.34,-0.46,-0.23,-0.13,0.3,0.03,-0.07,-0.2,0.47,-0.09,-0.86,0.51,0.3,-0.47,0.26,0.13,0.65,0.13,0.49,-0.46,-0.36,-0.26,0.34,-0.12,0.49,1.19,-0.2,0.21,0.65,0.12,-0.01,0.31,-2.17,0.23,-0.8,0.18,-0.26,-0.15,0.03,-0.09,0.03,-0.5,0.73,-0.08,-0.12,-0.28,-0.24,-0.29,-0.45,-0.32,-0.39,0,-0.36,0.05,0.06,0.05,0.98,-0.31,-0.33,0.47,0.25,-0.49,-0.16,-0.08,0.04,-0.39,1.21,0.23,0.66,0.62,0.05,1.22,0.47,0.04,-0.59,0.23,-0.21,-0.08,-0.36,-0.08,0.23,-0.03,-0.9,0.29,0.28,-0.04,-1.11,0.43,0.48,-0.02,0,0.3,-0.17,-1.2,0.01,0.01,-0.56,-0.15,-0.25,0.09,-0.37,0.32,1.14,1.53,-0.21,-0.91,-0.21,0.79,-0.32,-0.19,-0.14,0.11,0.22,-0.14,0.25,-0.05,-1.3,-0.08,-0.01,-0.11,-0.11,-0.52,-0.47,0.15,0.1,-0.58,-0.06,-0.37,-2.14,-0.33,-0.34,-0.11,-1.26,-0.05,-1.71,-0.07,0.04,0.32,-0.11,-0.35,0.53,-0.25,-0.32,0.38,0.61,0.12,0.09,0.05,0.08,0.45,0.75,-0.1,0.14,0.05,0.29,-0.05,-0.68,-0.19,0.29,0.38,-0.46,-0.02,-0.08,0.22,0.38,-0.16,0.39,-0.47,-0.08,0.29,0.12,-0.07,-0.22,-0.8,0.22,0.23,0.03,0.02,0.71,-0.31,0.14,-0.35,0,0.03,-0.16,1.02,-0.1,-0.19,-0.05,-0.06,-0.19,0.72,0.1,-1,0.05,0.16,0.09,0.57,-0.09,-0.17,0.07,0.12,1.13,-0.96,0.4,0.23,-1.03,0.11,-0.25,-0.07,-0.48,-0.29,0.01,1.16,-0.08,0.06,0.33,-0.1,0.06,-0.2,0.07,-0.07,-0.2,0.35,0.05,0.18,-0.17,-0.2,-0.45,-0.19,1.5,-0.35,0.24,-0.6,-0.07,1.44,1.51,0.44,-0.3,-0.44,0.27,-0.4,-0.43,-0.36,-0.26,-0.24
0.24,0.68,-0.28,0.36,1.59,-0.77,-0.38,-0.07,0.17,0.03,0,-0.17,0.02,0,0.56,0.1,0.7,-0.29,-0.33,-0.78,-0.18,0.15,0.19,0.24,-0.54,-0.62,0.89,0.26,-0.2,0.23,-0.23,0.06,-0.41,0.35,0.18,0.06,-0.02,-0.11,0.16,-0.27,-0.15,-0.28,-0.42,-0.03,0.34,-0.57,-0.32,-0.88,-0.11,-0.51,-0.42,0.35,-0.37,-0.4,0.95,0.34,0.14,0.04,1.14,0.3,-0.45,0.06,-0.2,0.05,1.59,1.56,0.02,-0.23,-0.31,0.64,0.15,0.02,0.49,0.19,-0.72,-0.82,0,0.16,-0.51,-0.33,-0.23,-0.18,0.25,0.38,-0.19,0.33,-0.29,-0.09,0.04,-0.71,0.27,-0.05,-0.23,-0.25,-0.12,0.98,0.24,-0.21,-0.56,-0.27,-0.31,0.44,-0.02,0.02,0.33,0,-0.94,0.05,-0.34,-0.72,-0.3,-0.04,-0.55,-0.21,-0.47,0.07,-1.08,0.52,-0.05,-0.31,-0.25,-0.18,-0.08,0.26,-0.07,0.33,0.14,0.35,-0.2,0.28,0.4,0.03,-0.27,-0.19,-0.33,-0.36,-0.57,0.17,-0.11,-0.35,0.23,-0.34,-0.4,0.01,-0.07,-0.36,-0.16,-0.02,-0.19,-0.78,0.22,0.16,-0.12,-0.1,0.47,0.05,0.32,-0.1,-0.15,0.22,-0.08,-0.13,0.12,-0.16,-0.36,-0.41,0.06,0.26,0.81,-0.27,-0.57,-0.09,-0.48,-0.15,-0.06,-0.14,-0.19,0.36,-0.04,0.02,0.56,0.04,0.39,0.08,-0.21,-0.37,-0.35,-0.41,-0.26,-0.22,-0.2,-0.32,0.21,0.18,0.29,0.07,0.09,0.21,-0.24,0.19,0.29,-0.04,-0.46,0.12,-0.06,0.14,-0.17,-0.84,0,-0.58,0.28,0.32,-0.08,-0.71,-0.17,0.21,-0.23,-0.06,-0.11,-0.54,-0.57,0.26,0.08,0.29,0,-0.2,0.19,-0.2,0.04,-0.31,0.22,0.41,0.13,-0.21,-0.04,0.07,0.05,-0.06,-0.37,-0.16,0.24,-0.16,-0.01,0.76,1.02,0.12,-0.46,0.24,-0.29,0.13,0.14,-0.45,-0.22,-0.05,-0.08,0.49,-0.24,0.07,0.17,-0.18,-0.36,-0.01,-0.27,-0.61,-0.03,0.41,-0.04,0.16,-0.77,-0.37,1.41,-0.36,-0.43,-0.42,0.08,0.45,-0.49,0.56,-0.26,1.03,1.59,-0.3,0.56,-0.35,-0.01,2.09,0.4,-1.69,-1.46,0.33,0.15,0.26,0,0.09,0.45,0.43,-0.07,-0.22,0.25,-0.42,-0.06,-0.09,-0.15,0.35,0.23,0.01,0.75,0.11,0.26,0.81,0.17,-0.16,0.78,-0.35,0.32,-0.33,-0.45,-0.13,0.22,-0.06,0.04,1.06,1.24,0.21,0.71,-0.05,-0.01,0.41,-1.75,0.03,-0.62,0.01,-0.22,-0.79,0.43,-0.28,0.13,-0.3,0.51,-0.52,-0.39,0.19,0.03,-0.02,-0.06,0.26,0.22,-0.19,-0.29,0,-0.12,0,-0.05,-0.09,-0.12,-0.08,0.13,0.14,0.27,-0.02,0.04,-0.1,0.58,0.18,0.16,0.21,0,0.7,-0.01,-0.09,-0.1,0.06,-0.58,0.01,-0.32,-0.2,0.4,0.05,0.09,0.1,0.06,-0.07,-0.77,-0.13,-0.29,-0.5,0.27,0.45,-0.02,-1.7,-0.64,-0.14,-0.4,-0.97,-0.71,-0.22,0.36,-0.19,0.91,0.95,0,0.9,-0.3,0.21,-0.47,-0.31,-0.16,0.11,0.03,0.14,-0.47,-0.05,0.62,-0.65,-0.02,0.19,0.04,0.01,0.26,0.21,-0.15,-1.01,0,0.04,1.6,0.01,0.04,-0.88,-0.99,-0.14,1.5,0.2,-0.42,-0.17,-0.23,0.28,-0.29,-0.27,-0.48,-0.25,0.24,-0.21,-0.3,-0.28,0.04,0.7,0.83,0.15,-0.02,0.2,1.36,-0.5,-0.1,-0.46,0.12,-0.31,-0.34,-0.15,-0.14,0.16,-0.03,0.02,-0.07,-0.1,-0.24,0.17,0.15,-1.26,-1.17,0.67,0.06,0.05,-0.11,0.36,0.18,-0.33,0.3,-0.56,-0.08,-0.15,-0.14,0.99,-0.1,0.28,-0.18,-0.04,-0.6,0.54,-0.15,-0.07,-0.14,0.29,-0.07,-0.06,-0.1,-0.63,0.04,-0.09,0.33,-0.4,0.37,2.01,-1.5,-0.09,-0.31,-0.26,-0.38,-0.04,-0.46,0.78,-0.54,-0.32,0.03,-0.58,-0.29,0.02,-0.04,-0.04,-0.18,0.7,-0.23,0.24,-0.33,-0.44,-0.76,-0.44,0.92,-0.33,-0.14,-0.67,-0.19,0.85,0.89,0.24,-0.31,-0.5,0,-0.24,-0.33,-0.12,-0.06,-0.04
0.13,0.51,0.11,0.68,1.03,-1.1,-1.18,-0.08,-0.38,-0.03,-0.4,0.37,0.11,0.14,0.37,0.43,0.25,0.11,-0.74,-1.12,0.1,0.44,-0.18,1.27,-0.02,0.62,0.9,0.06,-0.02,1.03,-0.12,-0.04,-0.35,-0.17,-0.08,0.61,0.2,0.42,-0.23,-0.12,-0.03,0.14,0.13,0.08,0.55,0.21,-0.32,0.69,0.21,-0.47,-0.01,-0.13,-0.23,0.42,1.31,0.58,0.42,-0.1,1.99,-0.05,0.64,-0.2,0.38,-0.13,1.58,2.23,0.81,0.19,0.08,0.42,0.13,-0.16,0.56,0.56,-0.75,-0.9,0.02,0.09,0.38,-0.44,1.59,0.32,0.08,-0.1,0.04,0.33,-0.27,-0.06,-0.25,-0.21,0.02,-0.23,1.1,0.79,0.48,0.79,0.59,-0.21,-0.47,-0.33,-0.12,0.5,-0.12,1.03,0.87,0.02,0.07,0.06,-0.16,-0.01,-0.34,-0.07,0.35,-0.08,0.2,0.89,0.31,0.5,-0.01,-0.25,0,0.09,0.51,0.37,-0.05,0.21,-0.16,0.85,0.95,0.55,0.5,-0.19,0.21,-0.35,0.05,0.05,0.1,1.18,0,0.37,-0.04,0.05,0.2,-0.17,0.9,0.65,-0.08,-0.48,-0.08,-0.23,-0.31,0.88,0.77,-0.04,0.36,1.12,0.84,-0.37,1.14,-0.29,0.22,-0.3,0.07,-0.14,0.22,0.4,-0.04,0.24,0.36,0.23,0.15,0.26,0.44,-0.01,-0.06,0.48,0.2,-0.1,0.1,0.53,0.56,0.02,0.88,0.49,-0.21,-0.29,-0.42,0.59,-0.2,-0.05,-0.26,-0.13,0.14,0.84,0.14,-0.17,-0.09,0.02,0.88,0.77,0.09,0.16,-0.49,-0.18,-0.07,0.17,0.34,0.4,0.02,0.21,0.1,-0.14,0.06,-0.69,0.64,-0.2,0.44,-0.3,-0.28,0.04,-0.05,-0.54,-0.1,-0.07,0.48,-0.18,-0.49,0.23,-0.34,0.32,0.05,0.24,0.21,-0.44,0.5,0.3,-0.21,-0.45,-0.35,0.01,-0.1,-0.37,-0.09,1.48,0.88,0.64,0.69,0.58,-0.24,-0.17,0,0.32,1.07,-0.02,-0.08,0.02,0.31,0.23,-0.17,0.39,0.19,0.07,-0.37,0.95,-0.18,0.88,0.07,-0.22,-0.27,-0.37,-2.07,-0.43,-0.22,-0.03,-0.09,0.42,0.46,0,-0.21,2.18,2.53,0.44,0.02,0.09,0.29,2.18,1.49,-0.64,-0.54,-0.1,-0.35,0.01,-0.09,-0.14,0.71,0.24,0.12,-0.17,-0.23,-0.4,-0.1,0.16,1.35,0.02,-0.16,-0.32,1.42,0.06,0.06,1.41,0.05,0.22,0.11,0.21,0.26,0.41,0.16,-0.11,-0.26,-0.14,-0.11,0.33,1.53,0.11,0.49,-0.31,0.03,-0.15,0.06,-0.12,0.53,-0.19,-0.47,-0.43,0.36,-0.17,-0.4,0.05,0.82,-0.57,-0.07,0.7,0.89,0.8,0.56,0.41,0.75,-0.17,0.42,0.02,0.02,0.02,-0.28,0.12,-0.1,-0.08,0.11,-0.18,0.13,0.01,0.05,-0.17,0.17,-0.03,0.33,-0.43,0.02,0.16,0.09,-0.38,1.04,0.26,0.57,-0.14,0.41,-0.12,0.17,-0.34,0.54,-0.58,-0.16,-0.66,0.66,0.17,-0.8,-0.21,0.54,-0.06,-0.29,-0.61,0.01,-0.31,-0.05,-0.74,-0.93,-0.32,1.22,-0.02,0.4,0.54,0.27,1.56,-0.03,1.12,-0.16,-0.45,-0.01,-0.11,0.39,0.07,0.28,0.12,1.38,-0.5,-0.02,0.05,-0.08,0.08,0.26,-0.02,-0.04,-0.24,0.11,0.18,2.71,0.22,0.88,0.02,-0.48,-0.24,2.74,0.3,-0.52,-0.25,-0.44,0.46,-0.16,0.11,-0.09,-0.09,0.21,-0.51,-0.41,-0.51,-0.38,0.12,0.88,0.09,0.04,-0.5,1.1,-0.25,-0.38,0.13,-0.51,-0.45,-0.27,-0.32,-0.1,0.33,-0.28,0.07,-0.15,-0.47,-0.47,0.29,-0.44,-0.51,-0.62,1.35,0.07,0.67,-0.37,0.22,-0.22,-0.13,-0.18,-0.16,-0.02,0.23,-0.46,0.84,-0.43,0.34,-0.15,-0.4,-0.71,0.17,0.08,0.69,-0.22,0.62,-0.07,0.1,-0.44,-0.76,-0.12,-0.48,-0.04,0.36,-0.04,2.1,-0.03,0.17,0.03,-0.01,0.33,0.13,0.05,0.43,-0.46,-0.67,0.03,-0.61,-0.17,0.69,-0.28,-0.39,0.15,0.56,-0.18,-0.37,-0.35,-0.09,-0.33,-0.44,0.05,0.7,0.04,0.29,0.13,0.63,0.49,0.02,-0.1,-0.41,0.03,0.25,0.22,0.68,0.63,0.4
0.22,-0.2,0.3,-0.13,0.99,-0.02,-0.16,-0.28,-0.14,0.41,0.03,-0.09,0.49,-0.01,0.94,1.25,0.85,-0.01,-0.01,-0.09,0.27,0.5,0.5,1.13,0.38,1.3,0.27,0.13,0.08,1.31,0.27,0.31,-0.18,0.2,0.12,0.74,-0.01,0.23,-0.28,0.07,0.03,-0.01,0.33,-0.24,-0.37,0.81,-0.29,1.25,0.24,-0.89,-1,0.05,0.16,0.21,0.73,0.3,0.07,-0.04,0.87,0.18,0.39,0.05,0.17,-0.2,0.85,1.38,0.08,0.18,0.11,-0.07,0.06,-0.08,0.05,0.05,-0.26,-0.46,-0.01,-0.25,0.24,-0.26,0.67,-0.06,-0.04,-0.37,0.11,0.1,0.07,0.24,0.06,-0.19,0.99,0.13,-0.13,0.97,0.7,0.62,0.33,-0.17,-0.23,-0.11,0.14,0.02,-0.05,0.97,0.98,-0.01,1.35,0.09,-0.26,-0.09,-0.5,-0.23,1.24,-0.21,0.78,0.78,1.59,0.43,0.26,-0.35,0.37,0.12,0.16,0.07,-0.17,0.1,0.25,1.05,0.88,0.87,0.81,0.16,0.5,-0.08,0.06,-0.02,0.04,1.12,0.02,-0.29,0.01,0.23,0.24,-0.09,0.28,0.48,-0.11,-0.14,-0.23,0.45,-0.2,1.59,0.89,-0.2,-0.09,0.91,0.17,0.12,1.41,-0.2,-0.01,-0.18,0.04,-0.51,0.44,0.51,0.12,-0.11,0.08,-0.36,0.92,0.14,0.35,0.58,-0.04,-0.09,0.06,-0.93,-0.22,0.72,0.1,0.08,1.02,0.78,-0.25,-0.37,-0.07,0.14,-0.09,0,-0.24,0.18,0.05,0.33,0.34,-0.14,-0.3,-0.16,0.6,-0.16,-0.01,0.22,0.19,-0.12,-0.03,0.07,0.17,0.9,-0.01,-0.18,0.04,-0.25,-0.06,-0.49,-0.2,-0.02,-0.89,-0.04,-0.24,1.2,0.69,0.09,0.05,0.31,0.66,-0.2,0.19,0.02,0.07,0.31,0.54,0.03,-0.49,-0.42,1.34,-0.57,0.32,-0.27,-0.18,-0.15,-0.24,-0.41,-0.25,1.09,0.46,0.52,0.42,0.77,-0.36,-0.06,0.29,-0.55,0.11,0.15,-0.2,-0.12,-0.07,-0.14,-0.22,0.04,-0.26,-0.33,-0.39,0.24,0.04,0.75,-0.49,-0.26,-0.21,-0.09,-2.13,-0.66,0.53,0.14,0.17,0.45,0.77,-0.11,-0.24,1.43,2.03,0.14,-0.01,0.53,-0.26,1.21,0.24,0.54,0.83,-0.03,-0.06,-0.77,-0.23,-0.19,0.55,0.24,0.44,-0.14,-0.01,-0.2,-0.26,-0.27,0.31,0.75,-0.21,-0.18,1.11,-0.13,-0.12,1.01,0.25,-0.04,0.13,0.01,0.08,0.6,0.37,-0.04,-0.16,0.04,-0.38,-0.04,0.97,0.7,0.39,-0.37,0.08,0.16,1.4,-0.27,0.57,-0.2,-0.07,-0.1,0.23,0.08,0.15,0.19,0.44,-0.25,0.31,1.01,0.94,0.86,0.87,0.86,0.71,-0.17,-0.07,-0.01,-0.04,-0.01,-1.39,0.37,0.04,-0.41,-0.2,0.48,0.38,0.04,0.05,-0.1,-0.24,0.25,-0.04,-0.58,-0.01,-0.21,-0.37,-0.14,0.88,-0.13,-0.1,-0.15,-0.07,0.01,-0.18,-0.3,1.44,-0.18,-0.32,-0.52,1.14,-0.25,-0.72,-0.19,0.61,0.18,-0.09,-0.01,0.23,-0.26,0.36,-0.08,0,-0.28,0.56,-0.23,0.09,0.09,0.46,1.2,0,0.29,0.05,-0.07,0.01,-0.08,-0.2,0.31,-0.41,0.36,0.93,-0.53,-0.2,0.73,0.31,0.64,0.43,-0.23,-0.2,0.23,0.31,0.31,2.71,0.32,0.5,0.12,-0.12,0.06,2.44,0.32,-0.7,-0.58,-0.08,0.55,-0.82,0.04,-0.4,-0.41,0.4,-0.48,0.2,-0.21,0.04,0,0.59,-0.01,0,0.02,0.49,-0.09,0.75,-0.11,-0.35,-0.38,0.11,-0.07,0.34,0.12,-0.16,0.61,-0.3,-0.07,-0.06,-0.21,0.1,-0.23,-0.14,1.44,0.11,-0.36,0.29,0.06,-0.07,0.19,-0.02,0.22,0.09,-0.04,0.09,0.64,0.01,0.76,-0.22,-0.01,-0.44,0.1,-0.63,0.5,0.12,0.04,-0.19,0.13,-0.4,0.04,-0.08,-0.11,-0.22,0.72,-0.29,1.65,1.25,-0.24,0.49,-0.01,0.54,0.5,0.1,0.14,-0.43,-0.14,-0.4,-0.04,-0.3,0.75,-0.12,-0.05,0.3,0.66,-0.05,-0.06,0.01,-0.07,0.26,-0.13,-0.23,0.61,-0.31,0.73,-0.09,-0.39,-0.09,-0.07,-0.22,-0.48,-0.1,0.3,0.64,0.8,0.98,0.62
0.04,-0.34,0.22,0.2,0.11,0.88,0.77,-0.09,-0.06,0.13,0.05,-0.2,-0.28,-0.12,0.19,-0.1,0.19,-0.11,0.97,0.96,0.39,0.03,0.53,0.49,0.13,1.08,0.05,-0.05,0.08,1.15,0.2,-0.01,0.14,0.23,0.16,0.56,0.08,0.08,0.01,0.16,0.13,-0.12,0.27,-0.1,-0.23,0.69,-0.32,0.62,0.14,-0.19,-0.08,-0.2,0.3,0.37,0.31,0.42,-0.17,-0.01,0.36,-0.24,0.12,0.1,0.21,-0.28,0.75,1.12,-0.13,-0.15,0.19,-0.79,0.11,0.23,0.01,0.17,0.98,0.98,0.05,0.12,0.53,0.2,0.72,0.15,0.41,-0.19,0.53,0.03,0.42,0.32,0.17,-0.05,0.86,0.37,-0.11,0.53,0.08,-0.06,0.23,0.18,0.01,-0.25,0.12,-0.06,0.2,0.05,0.06,0.05,1.02,0.12,-0.13,0.01,-0.01,-0.28,0.73,-0.49,0.28,0.37,1.36,0.5,0.18,-0.19,0.38,0.25,-0.22,0.03,0.1,-0.06,0.08,-0.22,0.22,0.06,0.27,0.02,0.14,-0.41,0.15,0.06,0.01,1.12,-0.13,0.42,-0.12,0.25,0.04,0.26,-0.17,0.17,-0.03,0.22,0.16,0.76,-0.01,0.94,0.6,-0.33,-0.18,0.79,-0.25,0.2,0.46,0.14,0.03,-0.13,0.01,-0.21,0.64,0.39,0.06,0.04,-0.08,0.31,0.81,0.13,0.62,0.35,-0.07,0.33,0.21,-0.7,-0.04,0.2,-0.11,-0.37,0.16,0.29,-0.13,-0.08,0.3,0.44,0.12,0.29,0.01,0.21,0.45,0.27,0.31,-0.01,-0.21,-0.16,0.33,-0.02,-0.06,-0.07,0.11,-0.09,-0.04,0.19,0.2,0.75,0.05,0.03,0.06,-0.03,0.29,-0.15,-0.06,0.02,-0.34,0.43,0.03,0.78,0.57,-0.02,0.02,-0.05,0.42,0.06,-0.12,0.21,-0.01,0.19,0.22,0.22,-0.65,-0.09,1.21,-0.72,0.15,-0.15,0.32,0.15,0.03,0.04,0.44,0.73,0.1,0.91,0.71,0.34,-0.09,0.15,0.44,-0.4,0.07,0.3,0.26,-0.61,-0.23,0.03,0.32,0.12,-0.09,0.23,-0.06,0.19,0.09,0.46,-0.25,-0.26,0.4,0.3,-0.78,0.27,0.69,0.35,-0.28,0.38,0.72,0.09,-0.07,0.92,1.35,0.37,0.52,0.48,-0.36,0.47,-0.21,0.98,1.03,-0.18,-0.16,-0.65,0.13,-0.08,0.02,0.06,0.31,0.02,0.01,0.23,-0.16,-0.43,-0.12,0.06,-0.3,0.31,0.67,0.24,-0.23,0.68,-0.16,-0.09,-0.17,0.17,0.16,0.34,-0.09,-0.2,-0.13,0.24,-0.2,-0.65,0.34,0.2,0.14,-0.12,0.12,-0.09,1.88,-0.21,0.85,-0.15,0.22,-0.05,0.07,0.37,0.23,0.19,0.75,0.05,-0.07,0.26,0.08,0.16,0.24,0.33,0.27,0.34,0.06,0.05,-0.08,0.05,-0.99,0.25,0.32,-0.06,-0.53,0.26,0.29,0.08,0.07,-0.08,-0.06,-0.05,0.11,-0.37,0.05,-0.53,-0.12,-0.09,0.6,0.11,0.24,0.04,-0.09,0.15,-0.27,-0.09,0.42,-0.18,-0.53,-0.17,0.99,0.08,0.14,-0.05,0.6,-0.24,-0.19,0.72,0.54,-0.03,0.63,1.14,0.9,0.05,0.54,0.02,0.07,-0.1,0.46,0.89,-0.08,0.16,0.34,-0.02,0.31,-0.04,-0.25,0.22,-0.15,0.1,0.37,-0.43,0.01,0.26,0.21,0.22,0.35,-0.14,0.03,0.79,0.01,0.2,1.93,-0.12,0.35,0.28,-0.25,0,1.9,0.02,0.1,-0.13,-0.34,0.55,-0.39,0.01,-0.12,-0.21,-0.12,-0.04,0.28,0.06,0.08,-0.21,0.18,-0.14,-0.02,-0.32,-0.13,0.06,0.73,-0.22,-0.02,-0.15,0.13,0.17,0.05,0.05,-0.09,0.13,-0.41,0.21,0.04,-0.04,0.24,0.8,0.89,0.93,0.25,-0.33,0.19,0.13,-0.07,0.2,0.09,0.41,0.05,0.09,0.12,0.71,0.08,0.27,-0.04,-0.22,0.18,-0.08,-0.08,0.32,-0.12,-0.53,0.34,0.11,0.1,0.46,0.14,0.11,-0.48,0.3,-0.3,0.92,1.61,-0.02,0.37,0.05,0.26,0.19,0.22,-0.19,-0.29,-0.09,-0.34,0.3,-0.43,0.23,-0.08,0.1,0.21,0.07,0.01,-0.04,0.18,0.11,0.58,0.14,-0.42,0.31,-0.2,0.6,0.08,-0.14,-0.34,-0.44,-0.03,-0.28,-0.26,0.46,0.42,0.08,0.07,0.27
-0.24,-0.59,0.08,-0.32,-0.39,1.3,1.27,-0.08,0.17,0.11,0.2,-0.18,-0.43,-0.16,0.04,-0.1,0.01,-0.06,1.01,1.32,-0.05,-0.03,0.22,-0.06,-0.29,0.27,-0.29,0.26,0.22,0.31,-0.05,-0.15,0.01,-0.13,-0.15,-0.28,0.12,-0.12,-0.26,-0.72,-0.44,-0.09,-0.06,-0.02,-0.53,0.41,-0.2,-0.01,-0.03,-0.08,-0.24,-0.43,0.23,-0.25,-0.25,-0.28,-0.39,-0.16,0.28,-0.32,0.14,-0.1,0.14,-0.06,-0.23,0.15,-0.46,-0.52,0.05,-0.16,0.15,-0.2,-0.2,-0.14,0.94,1.15,-0.16,-0.45,0.05,-0.24,-0.23,-0.08,-0.12,-0.09,0.01,-0.17,-0.13,-0.2,-0.09,0.1,0.33,-0.03,-0.54,0.13,-0.31,-0.27,-0.31,0.04,-0.18,-0.61,0.16,-0.26,-0.52,-0.18,-0.08,-0.16,1,0.17,0.06,-0.07,0.09,-0.4,0.2,-0.53,-0.05,-0.19,0.92,0.3,-0.1,-0.48,0.17,0.02,-0.34,-0.7,-0.14,-0.36,-0.1,-0.21,-0.12,-0.24,-0.28,-0.27,-0.06,-0.47,-0.07,-0.49,-0.48,0.92,-0.15,-0.27,-0.14,0.08,-0.23,0.03,-0.2,0.05,-0.25,0.06,-0.21,0.69,-0.01,0.59,0.33,-0.33,-0.53,0.2,-0.4,-0.15,-0.21,0.18,-0.05,-0.17,-0.32,-0.05,-0.19,0.18,-0.06,-0.23,-0.45,-0.1,0.12,-0.32,0.53,0.04,-0.17,-0.16,-0.04,-0.74,-0.45,-0.21,-0.13,-0.1,-0.13,-0.09,-0.07,-0.25,-0.05,0.18,-0.15,0.09,-0.15,-0.29,0.05,-0.29,-0.16,-0.16,-0.3,0.07,-0.06,-0.18,-0.56,0.12,0.32,-0.32,-0.16,-0.15,-0.17,0.18,-0.16,-0.13,0.04,-0.36,-0.19,-0.15,-0.38,-0.36,-0.04,-0.2,-0.13,0.13,0.25,-0.13,-0.15,-0.08,-0.27,0.08,-0.43,-0.35,-0.1,0.1,0.11,-0.19,-0.7,-0.56,0.47,-0.7,0.08,-0.22,0.09,-0.2,-0.18,-0.11,0.23,-0.14,-0.39,0.07,0.44,-0.36,-0.19,-0.27,-0.09,-0.58,-0.16,-0.4,-0.22,-0.22,-0.18,-0.8,-0.16,-0.23,-1.07,-0.22,-0.23,-0.2,-0.03,-0.27,0.04,-0.67,-0.12,-0.2,-0.45,-0.1,0.08,-0.08,-0.67,-0.34,-0.04,-0.24,-0.46,0.03,0.15,0.06,0.19,0.41,-0.11,0.09,-0.39,0.62,0.95,-0.03,-0.16,-1.07,-0.35,-0.33,-0.16,-0.01,-0.07,-0.22,-0.16,-0.2,-0.83,-0.4,-0.17,-0.07,-0.11,-0.25,0.01,-0.08,-0.41,0.21,-0.12,0.09,-0.45,-0.13,-0.47,-0.14,0.03,-0.2,-0.46,-0.34,-0.66,-0.78,-0.11,-0.32,0.04,-0.33,-0.32,-0.21,1.31,-0.1,0.37,-0.44,-0.34,0.33,0.1,0.14,-0.16,0.02,0.29,0.23,-0.22,-0.23,-0.16,-0.26,-0.35,-0.14,-0.25,-0.23,-0.24,-0.16,-0.14,-0.16,-0.62,0.15,-0.17,-0.27,-0.2,-0.16,-0.02,-0.22,-0.34,0.13,-0.52,-0.01,-0.07,-0.37,-0.16,-0.21,-0.54,-0.11,-0.25,-0.26,-0.16,-0.06,-0.18,-0.35,-0.39,-0.16,0.04,0.08,-0.58,0.12,0.3,-0.32,0.26,-0.24,0.32,-0.53,-0.28,0.45,0.8,-0.49,0.35,0.96,1.12,-0.16,0.03,-0.34,-0.13,-0.95,-0.31,0.23,-0.08,-0.55,-0.14,-0.07,-0.12,-0.34,-0.43,0.91,-0.01,-0.01,-0.4,-0.95,-0.15,-0.38,0.1,-0.18,0,-0.11,-0.4,0.33,0.05,-0.21,-0.16,-0.05,-0.46,0.13,-0.16,-0.22,0.9,-0.2,0,-0.16,-0.31,0.11,-0.31,-0.29,-0.16,-0.15,-0.36,-0.51,-0.16,-0.24,-0.34,-0.41,-0.55,-0.49,0,-0.32,-0.5,-0.09,0.09,-0.27,-0.49,-0.16,-0.25,-0.26,-0.22,-0.36,-0.28,0.07,-0.21,0,-0.06,-0.3,-0.55,0.53,0.38,0.16,-0.37,-0.73,-0.34,-0.1,-0.56,-0.27,-0.26,0.02,0.04,-0.3,0.2,0.45,-0.29,-0.01,-0.13,-0.04,0.11,-0.36,-0.16,-0.06,-0.24,-1.15,0.05,-0.49,0.05,0.59,0.02,0.04,-0.14,-0.01,-0.15,0.3,0.84,-0.26,0.03,-0.22,-0.41,-0.19,-0.18,-0.42,-0.19,0.09,-0.44,0.17,-0.6,-0.3,-0.02,-0.07,-0.36,-0.47,-0.06,-0.12,0.15,-0.18,0.3,-0.13,-0.29,-0.23,-0.4,-0.12,-0.15,-0.7,-0.83,-0.38,-0.27,-0.5,-0.48,-0.13,-0.09,-0.24,-0.24,-0.31
-0.22,-0.31,0.07,0.04,-0.86,1.29,1.17,0.16,0.11,0.1,-0.16,0.21,0.21,0.07,-0.47,-0.18,-0.37,0.4,1.36,1.24,-0.42,0.04,-0.35,-0.39,0.08,0.04,-1.09,-0.07,0.38,0.38,0.29,-0.15,0.04,0.31,-0.27,-0.6,0.12,-0.59,0.08,-0.24,-0.17,0.16,-0.18,0.25,0.17,0.13,-0.1,-0.36,-0.24,-0.7,-0.17,-0.31,0.24,-0.19,-0.31,-0.16,0.04,-0.32,-0.07,-0.09,0.02,0.02,0.1,0.13,-0.17,0.15,-0.33,-0.38,0.1,-0.19,0.21,-0.08,-0.14,-0.19,1.09,1.47,-0.02,0.18,0.3,0.21,0.6,-0.17,-0.21,0.08,0.45,0,0.02,-0.09,0.21,0.56,0.2,0.23,-0.21,0.07,0.08,-0.57,-0.31,0.31,-0.01,-0.39,-0.02,0.35,-0.03,-0.33,-0.42,-0.02,0.2,-0.05,0.26,0.28,0.64,-0.38,0,-0.1,-0.11,-0.11,0.71,0.38,-0.22,-0.55,0.28,-0.28,-0.11,-0.47,0.3,-0.5,-0.11,-0.42,-0.28,-0.31,-0.41,-0.1,0.02,-0.18,0.3,-0.49,-0.15,0.65,0,1,-0.49,-0.11,-0.03,0.12,-0.04,0.21,0.11,0.19,0.21,0.59,-0.12,0.23,0.07,0.33,-0.32,0.26,-0.12,0.05,-0.77,0.08,0.3,0.45,-0.21,-0.14,-0.06,0.01,-0.35,0.02,-0.08,0.36,0.15,-0.11,0.65,-0.05,0.13,0.2,-0.12,-0.31,-0.2,-0.14,-0.39,-0.2,-0.24,-0.27,0.06,0,0.27,0.11,0.36,0.33,0.25,-0.19,-0.02,-0.15,0.16,-0.02,-0.04,0.14,-0.01,-0.09,-0.39,-0.1,0.14,0.06,0.19,0.27,0.11,0.23,-0.02,0.09,0.26,0.03,-0.08,0.31,0.01,-0.66,0.7,0.13,0.04,0.17,-0.02,0.22,-0.38,-0.69,-0.16,0.39,-0.36,0,-0.21,-0.04,-0.05,-0.1,0.11,0.02,0.71,-0.68,0.38,-0.03,0.41,-0.01,0.23,0.21,0.72,-0.33,-0.37,0.39,0.72,-0.18,0.33,-0.02,0,0.13,0.1,-0.07,0.17,0.12,0.32,-0.08,-0.47,0.06,0.07,0.35,0.22,0.28,-0.09,-0.1,0.07,-0.09,0.11,0.1,0.82,0.96,0.05,0.35,-0.58,-0.19,0.04,-0.07,-0.07,-0.12,0.1,0.19,-0.16,0.51,0.06,-0.37,0.1,0.61,0.82,-0.18,0.03,-0.43,0.2,0.02,-0.93,-0.31,0.28,-0.01,-0.03,0.34,0.07,-0.05,0.17,0.02,0.17,-0.2,-0.03,0.52,-0.07,-0.04,-0.09,0.13,-0.21,0.17,0.01,-0.24,-0.16,-0.12,-0.54,0.09,-0.05,-0.3,-0.61,0.13,0.22,0.12,0.08,0.05,1.52,-0.37,0.69,-0.52,0.17,0.39,-0.19,0.42,-0.06,0.11,0.29,0.29,-0.41,-0.34,-0.19,-0.21,-0.17,-0.4,-0.11,0.36,0.03,-0.02,-0.14,-0.02,0.68,-0.04,-0.1,0.22,0.14,0.09,-0.27,0.12,0,0.3,-0.4,-0.23,-0.02,-0.07,-0.02,0.32,0.23,0.09,-0.33,0.27,0.49,-0.14,0.22,0.26,0.12,0.17,-0.4,0,0.06,0.17,0.35,0.22,1.02,0.05,0.37,-0.29,-0.06,0.69,0.9,0.29,0.54,1.4,1.07,0.36,0.07,-0.12,-0.46,-0.25,0.02,0.23,-0.23,-0.19,0.1,0.43,0.2,0.11,0.26,-0.71,0.6,-0.19,-0.28,-0.53,0.29,-0.56,-0.15,-0.43,-0.42,-0.02,0.1,0.54,0.07,-0.17,0.82,-0.12,0.02,0.75,-0.53,-0.38,0.97,-0.13,0.76,-0.37,-0.44,0.02,0.34,0.01,0.22,0.1,-0.08,0.32,-0.05,0.38,0.14,-0.41,0.1,-0.03,0.02,-0.55,-0.58,0.46,-0.27,-0.03,-0.05,0.26,0.08,0.24,-0.33,-0.13,-0.01,-0.4,0.41,-0.07,0.13,-0.04,-0.67,1.41,1.25,0.13,0.16,0.26,-0.44,-0.46,0.1,0,-0.01,0.1,-0.04,0.32,0.15,0.51,-0.02,-0.86,-0.31,-0.3,0.38,-0.1,0.1,0.09,0.16,-1.11,-0.07,-0.22,0.55,0.42,0.27,-0.11,0.15,0.1,0.16,-0.55,0.82,0.17,-0.12,0.18,-0.12,-0.13,0.13,0.09,0.26,0.37,0.06,0.3,-0.27,-0.08,0.03,-0.07,-0.07,-0.65,0.32,-0.25,0.02,0.22,0.66,0.22,0.12,0.1,0.13,-0.01,0.31,0.24,0.04,-0.01,0.2,0.06,-0.02,-0.06,-0.03,-0.14,-0.35,-0.11
-0.1,-0.25,-0.02,0.57,-0.41,1.29,1.3,-0.35,0.07,0.03,0.37,1.01,0.4,0.01,0.22,0.07,0.37,0.58,0.67,0.57,0.16,0.52,0.16,-0.1,0.19,-0.51,0.32,0.22,0.35,0.37,0.28,-0.01,0.38,0.2,-0.04,-0.28,-0.01,0.54,-0.05,-0.31,-0.24,0.06,0.58,0.27,-0.05,0.31,0.32,-0.04,-0.09,-0.56,-0.36,-0.1,0.14,0.09,-0.37,-0.47,0.04,-0.22,0.16,-0.03,0.44,-0.01,0.01,0.36,-0.23,-0.14,0.04,-0.49,-0.05,0.73,0.3,-0.25,0.14,0.16,0.31,0.58,0.01,-0.23,-0.22,-0.11,-0.09,0.19,-0.4,0.22,-0.01,0.32,-0.4,-0.23,0.09,0.91,0.06,-0.08,-0.19,0.14,-0.46,0.01,-0.45,0.14,-0.33,-0.4,0.16,0.2,-0.34,0.08,-0.12,0.01,-0.04,0.32,-0.06,0.39,0.38,0,0.11,0.53,-0.13,-0.54,0.58,0.4,-0.15,-0.48,0.14,0.06,-0.14,-0.63,0.31,-0.11,-0.21,-0.11,0.02,-0.11,-0.16,-0.27,-0.07,0.11,0.02,-0.66,-0.02,-0.34,0.16,0.2,-0.17,-0.23,0.1,-0.13,0.23,0.27,-0.11,0.18,0.08,0.65,0.37,0.34,0.17,0.35,-0.03,0.12,0.15,0.16,-0.56,0.35,-0.03,-0.2,-0.01,-0.56,-0.53,-0.34,-0.09,0.08,0.32,0.35,-0.39,0.09,0.6,-0.13,0.14,0.09,0.07,-0.34,-0.39,-0.11,0.11,0.7,-0.08,0.02,0.22,0.34,0.05,-0.07,0.15,0.07,0.05,-0.45,-0.1,-0.07,0.11,0.2,-0.24,0.21,0.08,0.21,-0.24,-0.28,0.22,0.17,0.06,-0.08,0.07,-0.07,0.01,0.25,0.25,0.13,-0.1,-0.07,0.12,-0.2,0.26,-0.12,0.01,-0.02,-0.09,0.3,0.13,0,-0.3,0.55,0.03,-0.02,-0.22,0.2,0.1,-0.03,0.41,-0.31,0.42,-0.79,0.68,-0.01,-0.06,0.16,0.24,0.34,0.37,-0.65,-0.24,-0.23,0.42,-0.18,0.03,-0.06,0.03,0.46,0.13,-0.32,-0.24,0.66,0.41,-0.39,0.04,0.11,-0.58,0.15,0.3,0.36,-0.05,-0.23,-0.1,-0.12,-0.54,-0.3,0.5,0.18,-0.15,-0.01,-0.34,-0.15,-0.03,0.16,-0.17,-0.57,-0.53,0.02,0.15,0.51,0.3,-0.28,0.12,-0.1,-0.32,0.04,0.14,-0.77,-0.04,0.12,-0.07,0.07,-0.18,-0.28,-0.35,0.07,-0.16,-0.06,0.24,0.15,-0.22,-0.16,-0.4,0.15,0,-0.09,0.14,0.29,0.14,0.28,0.1,-0.14,-0.09,-0.04,-0.18,-0.34,-0.02,0.5,-0.13,-0.09,0.44,0.05,-0.04,-0.13,0.95,-0.18,0.29,-0.36,-0.07,0.81,0.12,-0.28,0.28,0.01,0.29,0.5,-0.07,-0.23,-0.13,-0.31,-0.35,-0.3,-0.39,-0.1,-0.27,0.01,0.23,0.01,0.39,-0.17,-0.08,0.1,0.52,0.01,-0.06,0.03,-0.47,0.26,0.18,-0.08,-0.09,0,0.01,0.7,-0.08,0.03,-1.23,0.08,0.01,-0.01,-0.07,0.11,-0.11,-0.11,-0.47,0.26,-0.11,0.08,-0.02,-0.07,0.8,0.09,-0.06,-0.14,-0.14,-0.47,0.88,-0.14,0.14,0.55,0.29,-0.12,-0.11,-0.14,0.16,0.24,-0.27,-0.06,-0.24,-0.34,-0.32,-0.07,-0.16,-0.04,0.17,-0.2,0.38,-0.29,-0.46,-0.63,0.28,0.14,-0.29,-0.45,-0.11,0.1,-0.55,-0.09,-0.02,-0.21,0.71,0.28,-0.34,0.4,-0.52,-0.16,0.65,-0.4,0.31,-0.27,-0.68,-0.35,0.21,-0.25,-0.23,0.19,0.12,-0.08,0.01,0.24,0.11,-0.37,0.12,-0.06,-0.02,-0.42,-0.76,0.4,-0.22,0.03,0.14,0.27,-0.15,-0.23,-0.18,-0.15,0,-0.01,0.87,-0.38,0.28,-0.14,0.3,0.83,0.47,-0.03,0.14,-0.23,-0.2,-0.19,0.34,-0.09,-0.04,-0.07,0.11,-0.08,0.15,0.57,-0.1,-0.37,0.04,-0.16,0.15,0.18,-0.27,-0.51,-0.2,-0.89,-0.32,-0.19,0.55,0.46,0.02,0.14,0.6,-0.54,0.23,-0.23,-0.09,-0.12,-0.01,0.01,-0.35,-0.29,-0.21,0.42,-0.27,0.33,-0.25,0.17,0.12,-0.25,-0.26,0.1,-0.04,-0.04,0.17,-0.04,-0.12,-0.08,0.07,-0.15,0.73,-0.2,-0.11,-0.29,-0.09,-0.06,0.12,-0.38,0,-0.42,-0.08,-0.31,-0.5,-0.27,-0.22,-0.2
0.22,0.11,0.11,0.17,-0.2,0.16,0.05,0.02,0.37,-0.12,-0.31,-0.06,-0.01,0.04,-0.38,-0.45,-0.37,-0.29,0.08,0.35,-1.08,-0.06,-0.42,-1,-0.46,-0.8,0.41,0.07,0.19,0.29,-0.53,-0.2,0.31,0.08,-0.19,-0.41,0.09,-0.22,0.2,-0.16,-0.3,-0.06,-0.15,0.29,1.04,-0.36,-0.11,-0.55,-0.33,-0.22,-0.32,0.01,-0.35,-0.01,-0.52,-0.05,-0.12,-0.19,-0.05,0.15,-0.23,0.12,-0.43,-0.1,0.57,-0.68,-0.28,-0.13,0.08,0.64,0.41,0.36,-0.02,-0.14,0.07,0.18,-0.01,0.2,-0.08,0.51,-0.71,-0.15,-0.18,0.18,-0.01,-0.08,-0.24,0.26,0.23,-0.02,-0.93,0.07,0.01,-0.56,-0.27,-0.07,-0.5,0.17,-0.15,-0.35,0.08,0.65,-0.47,-0.62,-0.32,-0.01,-0.97,-0.08,0.1,-0.14,0.49,0.08,-0.53,-0.16,-0.87,-0.34,0.53,0.43,0.08,-0.19,0.14,-0.3,0.11,0.39,0.27,-0.09,-0.7,-0.39,-0.49,-0.43,-0.45,0.01,-0.27,-0.01,0.02,-0.51,-0.36,-0.27,-0.24,-0.05,0.04,-1.1,-0.18,-0.15,-0.35,-0.61,0.25,0.22,-0.14,-0.33,0.14,-0.01,-0.21,0.14,-0.12,-0.31,0.18,0.05,-1.04,0.01,0.08,-0.27,0.34,0.1,-0.09,-0.21,-0.28,0.58,0.46,-0.37,-0.6,-0.06,-0.11,0.04,0.11,-0.34,-0.25,-0.51,0.08,-0.42,0.04,0.23,-0.49,-0.68,-0.19,-0.37,0.22,-0.43,-0.22,0.01,0.41,0.05,-0.35,-0.42,-0.27,0.41,0.45,0.04,-0.57,-0.16,0.51,-0.24,-0.19,0.21,-0.32,0.47,-0.51,-1.12,-0.01,-0.28,0.36,0.74,-0.12,0.38,-0.64,0.19,0.35,0.11,0.09,-0.11,-0.78,0.09,-0.17,0.1,-0.3,-0.17,-0.17,-0.35,-0.32,-0.31,-0.18,-0.14,0.76,0.21,-0.01,-0.23,0.01,0.46,0.03,-0.18,-0.1,0.05,0.88,-0.79,0.07,0.33,0.07,-0.29,0.28,-0.36,-0.41,-0.24,-0.6,0.15,0.5,0.67,-0.36,0.1,-0.38,-0.01,0.07,0.6,-0.28,-0.57,-0.33,-0.42,0.33,-0.02,-0.32,-0.32,0.89,0.92,-0.11,0.19,0.09,-0.56,-0.67,0.16,0.52,-0.78,0.02,-0.57,-0.42,-0.19,-0.03,-0.5,-0.32,-0.66,-0.52,0.21,0.32,-0.01,-0.27,-0.02,-0.39,-0.21,0.12,-0.09,-0.51,-0.02,0.41,0.19,-0.68,-0.35,0.33,-0.32,-0.69,0.53,0.15,-0.28,0.01,-0.06,0.26,-0.2,-0.13,-0.44,-0.21,0.18,-0.46,0.07,0.34,0.51,-0.22,-0.11,0.25,0.13,0.25,0.12,0.57,-0.16,0,-0.23,-0.11,0.22,-0.15,0.01,-0.08,-0.1,0.27,0.1,-0.24,-0.49,-0.81,-0.29,-0.17,-0.32,-0.25,-0.19,0.07,-0.01,-0.17,-0.01,1.08,-0.13,-0.1,0.57,0.11,-0.06,-0.06,0.04,-0.14,0.07,0.83,-0.03,-0.02,-0.07,-0.01,1.11,0.43,0.26,-0.99,-0.06,-0.01,0.02,-0.01,0.19,0.25,0.16,-0.12,0.46,0.49,0.26,-0.41,0.23,0.82,-0.19,0.34,0.19,-0.11,-0.6,-0.25,0.33,0.01,0.11,0.24,0.24,0.16,0.14,0.23,1,-0.02,0.16,-1.43,0.12,0.14,0.15,0.28,0.56,0.16,-0.18,-0.01,0.09,-0.49,-0.75,0.12,-0.35,-0.3,-0.37,-0.2,-0.08,0.27,-0.31,-0.58,-0.21,-0.38,-0.22,-0.28,-0.11,-0.38,0.43,0.23,-0.22,0.62,0.33,-0.35,-0.46,0.59,0.01,0.11,0.04,0.27,0.41,0.16,0.29,0.26,0.19,0.41,0.02,0.16,-0.05,0.06,-0.06,-0.62,-0.36,0.34,0.07,0.2,-0.03,-0.12,-0.18,-0.07,-0.24,0.45,-0.09,0.04,0.27,0.06,0.31,0.3,-0.03,-0.24,-0.23,0.26,0.04,1.07,-0.13,-0.18,-0.17,0.04,0.38,0.23,-0.71,0.1,-0.35,0.11,0.33,0.2,0.27,-0.23,-0.67,-0.3,-0.51,-0.24,0.01,-0.27,0.3,0.14,0.14,0.99,-0.46,0.48,-0.2,-0.48,0.16,-0.36,-0.02,-0.41,-0.03,-0.24,0.55,0.22,0.32,0.2,0.32,-0.01,-0.25,0.1,-0.2,-0.38,0.01,0.34,0.05,-0.63,-0.07,0.51,0.39,1.35,-0.21,0.23,-0.25,0.46,1.15,1.29,0.21,-0.23,-0.74,0.02,-0.33,-0.08,-0.32,-0.33,-0.09
0.61,0.44,-0.1,0.53,0.41,0,-0.09,-0.35,0.23,0.05,-0.08,0.01,0.17,-0.02,0.32,0.23,0.17,-0.22,-0.26,-0.2,-0.08,0.62,-0.03,0.22,-0.02,-0.89,0.47,0.23,-0.06,0.02,-0.27,0.14,0.33,0.13,0.18,-0.43,-0.11,0.08,-0.09,-0.46,-0.35,-0.4,-0.44,-0.03,0.27,-0.34,-0.01,-0.55,-0.26,-0.03,-0.48,-0.13,-0.31,-0.09,0.11,0.05,-0.03,0.1,0.2,-0.15,-0.15,-0.16,0.1,0.12,1.16,0.52,0.07,-0.54,-0.19,0.51,0.18,-0.11,0.35,0.13,-0.43,-0.35,-0.02,-0.13,-0.53,-0.29,-0.34,0.09,-0.18,0.19,-0.28,-0.17,-0.44,-0.31,-0.08,-0.27,-0.96,-0.11,-0.18,-0.41,-0.17,0.5,0.07,-0.25,-0.84,-0.35,-0.31,0.09,-0.49,-0.33,-0.15,-0.02,-0.87,-0.09,-0.11,-0.52,0.02,0.19,-0.72,0,-0.9,-0.47,-0.24,0.52,-0.15,-0.52,-0.23,-0.14,-0.2,0.43,0.05,0.02,-0.07,-0.02,-0.12,0.01,0.1,-0.16,-0.22,-0.1,-0.58,-0.24,-0.5,-0.27,-0.04,-0.4,0.13,-0.19,-0.36,-0.18,0.07,-0.2,-0.06,0.01,-0.08,-0.09,0.23,-0.1,-0.38,-0.05,0.2,-0.16,-0.02,-0.2,-0.58,-0.08,-0.34,-0.02,0.22,-0.35,-0.4,-0.75,-0.21,0.34,0.23,-0.13,-1.2,0.24,-0.06,-0.21,-0.07,0.02,-0.14,-0.29,-0.25,-0.16,0.28,0.73,-0.11,-0.07,0.57,-0.12,-0.42,-0.23,-0.2,-0.28,-0.16,-0.23,-0.3,0,-0.25,0.07,-0.04,0.12,-0.49,0.25,0.39,0.06,-0.03,0.17,-0.06,0,-0.32,-0.66,-0.02,-0.3,0.23,0.44,-0.1,-0.23,-0.47,0.45,-0.24,-0.14,-0.06,-0.83,-0.72,-0.08,0.13,0.2,-0.18,-0.02,-0.03,-0.42,-0.3,-0.35,-0.17,0.19,0.59,-0.09,-0.29,-0.63,0.03,0,-0.45,-0.2,-0.14,-0.13,-0.04,0.11,0.47,0.03,-0.46,-0.03,-0.46,0,-0.37,-0.31,-0.53,-0.19,-0.49,0.55,-0.15,-0.32,-0.62,-0.37,-0.34,0.41,-0.06,-0.02,-0.07,-1.21,-0.62,-0.23,-0.88,-0.8,-0.23,0.18,-0.28,-0.33,-0.12,-0.13,-0.33,0.39,-0.39,0.05,0.51,-0.3,-0.09,-0.09,-0.26,0.9,-0.1,-1,-1.23,0.04,0.05,-0.27,-0.04,-0.08,-0.44,0.29,-0.36,-0.27,-0.02,-0.42,-0.24,-0.14,-0.79,-0.27,0.08,-0.09,-0.14,-0.16,0.19,0.27,0.18,-0.01,0.41,-0.1,0.35,-0.37,-0.45,-0.16,-0.09,-0.43,0,0.79,0.03,-0.14,0.44,-0.07,-0.08,0.39,0.16,-0.05,-0.51,-0.14,-0.3,-0.43,0.29,-0.49,-0.11,-0.09,0.75,-0.23,-0.27,-0.14,-0.29,-0.42,-0.37,-0.14,-0.49,-0.27,0.22,-0.02,-0.21,-0.02,-0.13,-0.42,0.02,-0.08,0.17,-0.3,0.02,-0.22,-0.4,-0.37,0.62,0.01,0.03,-0.02,-0.02,0.7,-0.25,0.04,-1.04,0.01,-0.9,0.09,-0.41,-0.15,-0.01,0.02,-0.61,0.31,0.3,-0.14,-0.88,-0.13,0.1,-0.33,0.25,0.29,-0.11,-1.64,-0.6,-0.15,-0.23,-0.33,-0.27,-0.12,-0.08,-0.02,0.96,1.26,-0.58,0.42,-0.51,0.16,-0.26,-0.45,-0.23,-0.06,0.26,0.03,-0.43,-0.21,0.16,-0.95,0.74,-0.04,-0.13,0.35,-0.11,-0.06,-0.24,-1.01,-0.28,-0.02,0.93,-0.14,-0.59,-0.6,-0.03,0.05,1.06,0.12,0.38,-0.02,-0.29,-0.16,-0.01,0.49,0.04,-0.02,0.36,0.12,-0.28,0.42,0.68,0.6,0.41,0.38,-0.05,-0.02,0.75,-0.19,-0.8,-0.23,0,-0.17,0.5,0.19,0.11,-0.21,0.14,-0.32,0.58,-0.29,0.28,0.43,0.01,-0.54,-0.34,0.05,0.14,-0.08,0.42,0.13,0.68,-0.19,-0.15,-0.56,0.33,0.24,0.48,1.28,-0.03,-0.13,0.05,0.63,0.01,0.52,0.4,-0.77,0.2,-0.4,-0.02,-0.06,-0.21,-0.19,0.6,0.08,0.89,-0.57,0.64,1.15,-0.97,0.2,-0.29,-0.09,-0.5,-0.02,0.01,0.94,0.05,-0.14,-0.22,0.64,-0.07,-0.3,0.76,0.4,-0.09,0.5,0.06,0.21,-0.26,-0.42,-0.11,0.41,1.2,-0.5,-0.04,-0.55,-0.11,0.89,0.76,0.28,-0.06,-0.58,-0.21,-0.24,-0.57,-0.19,0.08,-0.27
